client_id,client_name,client_type,prefecture,city,client_relationship_start_date,client_relationship_end_date,client_status
CLI00001,Public Elementary School Kawagoe 001,Public Elementary School,Saitama,Kawagoe,2020-09-01,,Active
CLI00002,English School Tachikawa 002,Private English School / Language School,Tokyo,Tachikawa,2024-06-19,,Active
CLI00003,Public Junior High School Shinjuku 003,Public Junior High School,Tokyo,Shinjuku,2025-04-01,,Active
CLI00004,Public Elementary School Kawagoe 004,Public Elementary School,Saitama,Kawagoe,2021-04-01,,Active
CLI00005,Business Client Sagamihara 005,Company / Business,Kanagawa,Sagamihara,2025-09-01,,Active
CLI00006,Private School Kawasaki 006,Private Elementary/Junior High School,Kanagawa,Kawasaki,2025-10-04,,Active
CLI00007,Education Client Shinjuku 007,Other,Tokyo,Shinjuku,2024-04-01,,Active
CLI00008,Public Elementary School Kawasaki 008,Public Elementary School,Kanagawa,Kawasaki,2022-03-19,,Active
CLI00009,Public Junior High School Tachikawa 009,Public Junior High School,Tokyo,Tachikawa,2024-04-01,,Active
CLI00010,Private School Tachikawa 010,Private Elementary/Junior High School,Tokyo,Tachikawa,2023-04-01,,Active
CLI00011,Private School Ichihara 011,Private Elementary/Junior High School,Chiba,Ichihara,2025-09-01,,Active
CLI00012,Business Client Kamakura 012,Company / Business,Kanagawa,Kamakura,2023-09-01,2025-06-22,Inactive
CLI00013,Kindergarten Hachioji 013,Preschool / Kindergarten,Tokyo,Hachioji,2019-04-01,,Active
CLI00014,Kindergarten Edogawa 014,Preschool / Kindergarten,Tokyo,Edogawa,2023-04-01,,Active
CLI00015,Public Elementary School Narashino 015,Public Elementary School,Chiba,Narashino,2025-04-01,,Active
CLI00016,Business Client Ichikawa 016,Company / Business,Chiba,Ichikawa,2024-04-01,,Active
CLI00017,Private School Kashiwa 017,Private Elementary/Junior High School,Chiba,Kashiwa,2023-12-15,,Active
CLI00018,Public Elementary School Kashiwa 018,Public Elementary School,Chiba,Kashiwa,2020-07-13,2024-08-11,Inactive
CLI00019,Public Junior High School Adachi 019,Public Junior High School,Tokyo,Adachi,2024-09-01,,Active
CLI00020,Private School Asaka 020,Private Elementary/Junior High School,Saitama,Asaka,2023-04-01,2024-11-02,Inactive
CLI00021,Business Client Ota 021,Company / Business,Tokyo,Ota,2021-04-01,,Active
CLI00022,Public Junior High School Nerima 022,Public Junior High School,Tokyo,Nerima,2019-01-10,2020-04-30,Inactive
CLI00023,Kindergarten Ichikawa 023,Preschool / Kindergarten,Chiba,Ichikawa,2021-09-01,,Active
CLI00024,English School Kawaguchi 024,Private English School / Language School,Saitama,Kawaguchi,2020-09-01,,Active
CLI00025,Business Client Adachi 025,Company / Business,Tokyo,Adachi,2024-09-01,,Active
CLI00026,High School Ichihara 026,High School,Chiba,Ichihara,2024-04-01,,Active
CLI00027,Private School Tachikawa 027,Private Elementary/Junior High School,Tokyo,Tachikawa,2019-02-18,2020-12-11,Inactive
CLI00028,Public Junior High School Edogawa 028,Public Junior High School,Tokyo,Edogawa,2025-04-01,,Active
CLI00029,Business Client Tachikawa 029,Company / Business,Tokyo,Tachikawa,2021-04-01,,Active
CLI00030,Business Client Katsushika 030,Company / Business,Tokyo,Katsushika,2019-04-01,,Active
CLI00031,Public Elementary School Hachioji 031,Public Elementary School,Tokyo,Hachioji,2020-04-01,2023-11-17,Inactive
CLI00032,Public Elementary School Tachikawa 032,Public Elementary School,Tokyo,Tachikawa,2023-04-01,,Active
CLI00033,Public Junior High School Yamato 033,Public Junior High School,Kanagawa,Yamato,2019-04-01,,Active
CLI00034,High School Shinjuku 034,High School,Tokyo,Shinjuku,2020-04-01,,Active
CLI00035,Public Junior High School Katsushika 035,Public Junior High School,Tokyo,Katsushika,2025-04-01,,Active
CLI00036,Public Elementary School Wako 036,Public Elementary School,Saitama,Wako,2021-09-01,,Active
CLI00037,Public Elementary School Shinjuku 037,Public Elementary School,Tokyo,Shinjuku,2024-04-01,,Active
CLI00038,Public Junior High School Itabashi 038,Public Junior High School,Tokyo,Itabashi,2022-07-16,,Active
CLI00039,Public Junior High School Edogawa 039,Public Junior High School,Tokyo,Edogawa,2019-04-01,,Active
CLI00040,English School Tachikawa 040,Private English School / Language School,Tokyo,Tachikawa,2024-09-01,,Active
CLI00041,Public Junior High School Funabashi 041,Public Junior High School,Chiba,Funabashi,2019-04-01,,Active
CLI00042,High School Nerima 042,High School,Tokyo,Nerima,2025-04-01,,Active
CLI00043,Kindergarten Setagaya 043,Preschool / Kindergarten,Tokyo,Setagaya,2025-09-01,,Active
CLI00044,Business Client Sagamihara 044,Company / Business,Kanagawa,Sagamihara,2020-06-26,,Active
CLI00045,Public Elementary School Ota 045,Public Elementary School,Tokyo,Ota,2024-09-01,,Active
CLI00046,Public Elementary School Edogawa 046,Public Elementary School,Tokyo,Edogawa,2021-04-01,,Active
CLI00047,Business Client Tachikawa 047,Company / Business,Tokyo,Tachikawa,2021-04-01,,Active
CLI00048,Public Elementary School Tokorozawa 048,Public Elementary School,Saitama,Tokorozawa,2025-09-01,,Active
CLI00049,High School Shinjuku 049,High School,Tokyo,Shinjuku,2025-01-02,,Active
CLI00050,High School Shinjuku 050,High School,Tokyo,Shinjuku,2023-09-01,,Active
CLI00051,High School Kamakura 051,High School,Kanagawa,Kamakura,2025-09-01,,Active
CLI00052,Private School Edogawa 052,Private Elementary/Junior High School,Tokyo,Edogawa,2023-04-01,,Active
CLI00053,Public Elementary School Adachi 053,Public Elementary School,Tokyo,Adachi,2021-09-01,,Active
CLI00054,Business Client Asaka 054,Company / Business,Saitama,Asaka,2019-04-01,,Active
CLI00055,Kindergarten Urayasu 055,Preschool / Kindergarten,Chiba,Urayasu,2021-04-01,,Active
CLI00056,Public Elementary School Chigasaki 056,Public Elementary School,Kanagawa,Chigasaki,2021-09-01,,Active
CLI00057,Kindergarten Hachioji 057,Preschool / Kindergarten,Tokyo,Hachioji,2019-04-01,,Active
CLI00058,Public Elementary School Funabashi 058,Public Elementary School,Chiba,Funabashi,2025-04-01,,Active
CLI00059,Public Junior High School Koto 059,Public Junior High School,Tokyo,Koto,2024-04-01,,Active
CLI00060,Kindergarten Matsudo 060,Preschool / Kindergarten,Chiba,Matsudo,2025-04-01,,Active
CLI00061,English School Sagamihara 061,Private English School / Language School,Kanagawa,Sagamihara,2023-04-01,,Active
CLI00062,Public Elementary School Koto 062,Public Elementary School,Tokyo,Koto,2022-12-20,,Active
CLI00063,Public Junior High School Tokorozawa 063,Public Junior High School,Saitama,Tokorozawa,2022-04-01,2025-11-02,Inactive
CLI00064,English School Yokohama 064,Private English School / Language School,Kanagawa,Yokohama,2023-04-01,,Active
CLI00065,Public Elementary School Koto 065,Public Elementary School,Tokyo,Koto,2020-04-01,,Active
CLI00066,Private School Itabashi 066,Private Elementary/Junior High School,Tokyo,Itabashi,2024-04-01,,Active
CLI00067,Business Client Hachioji 067,Company / Business,Tokyo,Hachioji,2020-04-26,2024-02-27,Inactive
CLI00068,Public Junior High School Adachi 068,Public Junior High School,Tokyo,Adachi,2019-09-01,,Active
CLI00069,Public Elementary School Koshigaya 069,Public Elementary School,Saitama,Koshigaya,2022-10-01,,Active
CLI00070,Private School Adachi 070,Private Elementary/Junior High School,Tokyo,Adachi,2022-04-01,,Active
CLI00071,Public Junior High School Chiba 071,Public Junior High School,Chiba,Chiba,2020-04-01,,Active
CLI00072,English School Kamakura 072,Private English School / Language School,Kanagawa,Kamakura,2020-04-01,,Active
CLI00073,Public Elementary School Fujimi 073,Public Elementary School,Saitama,Fujimi,2025-04-01,2025-10-29,Inactive
CLI00074,English School Narashino 074,Private English School / Language School,Chiba,Narashino,2019-04-01,,Active
CLI00075,Kindergarten Soka 075,Preschool / Kindergarten,Saitama,Soka,2021-04-01,,Active
CLI00076,Public Junior High School Kawasaki 076,Public Junior High School,Kanagawa,Kawasaki,2022-04-01,,Active
CLI00077,Public Elementary School Itabashi 077,Public Elementary School,Tokyo,Itabashi,2019-04-01,2026-03-23,Inactive
CLI00078,Business Client Kawasaki 078,Company / Business,Kanagawa,Kawasaki,2020-04-01,,Active
CLI00079,Public Elementary School Itabashi 079,Public Elementary School,Tokyo,Itabashi,2025-04-01,,Active
CLI00080,Private School Matsudo 080,Private Elementary/Junior High School,Chiba,Matsudo,2024-04-01,,Active
CLI00081,Business Client Nerima 081,Company / Business,Tokyo,Nerima,2019-01-20,,Active
CLI00082,Kindergarten Tachikawa 082,Preschool / Kindergarten,Tokyo,Tachikawa,2025-04-01,,Active
CLI00083,High School Yamato 083,High School,Kanagawa,Yamato,2022-09-01,,Active
CLI00084,Kindergarten Wako 084,Preschool / Kindergarten,Saitama,Wako,2020-04-01,,Active
CLI00085,Public Elementary School Ota 085,Public Elementary School,Tokyo,Ota,2021-04-01,,Active
CLI00086,Public Junior High School Sagamihara 086,Public Junior High School,Kanagawa,Sagamihara,2024-04-01,,Active
CLI00087,Private School Chiba 087,Private Elementary/Junior High School,Chiba,Chiba,2023-04-01,,Active
CLI00088,Public Elementary School Narashino 088,Public Elementary School,Chiba,Narashino,2025-04-26,,Active
CLI00089,Public Elementary School Adachi 089,Public Elementary School,Tokyo,Adachi,2021-05-15,,Active
CLI00090,Public Junior High School Shinjuku 090,Public Junior High School,Tokyo,Shinjuku,2021-04-01,2022-02-14,Inactive
CLI00091,English School Toda 091,Private English School / Language School,Saitama,Toda,2024-01-25,,Active
CLI00092,Kindergarten Asaka 092,Preschool / Kindergarten,Saitama,Asaka,2022-04-01,,Active
CLI00093,Kindergarten Kawaguchi 093,Preschool / Kindergarten,Saitama,Kawaguchi,2019-09-01,,Active
CLI00094,English School Ota 094,Private English School / Language School,Tokyo,Ota,2025-04-01,,Active
CLI00095,Public Elementary School Saitama 095,Public Elementary School,Saitama,Saitama,2022-04-01,,Active
CLI00096,Private School Hachioji 096,Private Elementary/Junior High School,Tokyo,Hachioji,2023-04-01,,Active
CLI00097,English School Hachioji 097,Private English School / Language School,Tokyo,Hachioji,2021-12-26,,Active
CLI00098,English School Nerima 098,Private English School / Language School,Tokyo,Nerima,2019-04-01,,Active
CLI00099,High School Chiba 099,High School,Chiba,Chiba,2023-04-01,,Active
CLI00100,Public Junior High School Narashino 100,Public Junior High School,Chiba,Narashino,2023-09-01,,Active
CLI00101,Business Client Fujimi 101,Company / Business,Saitama,Fujimi,2024-09-01,,Active
CLI00102,Kindergarten Ota 102,Preschool / Kindergarten,Tokyo,Ota,2024-09-01,,Active
CLI00103,Private School Yamato 103,Private Elementary/Junior High School,Kanagawa,Yamato,2025-09-01,,Active
CLI00104,Kindergarten Koto 104,Preschool / Kindergarten,Tokyo,Koto,2023-09-01,,Active
CLI00105,Private School Ota 105,Private Elementary/Junior High School,Tokyo,Ota,2021-11-23,,Active
CLI00106,Public Elementary School Shinjuku 106,Public Elementary School,Tokyo,Shinjuku,2025-04-23,,Active
CLI00107,English School Chigasaki 107,Private English School / Language School,Kanagawa,Chigasaki,2020-04-01,2021-01-13,Inactive
CLI00108,High School Adachi 108,High School,Tokyo,Adachi,2021-04-01,,Active
CLI00109,Public Junior High School Shinjuku 109,Public Junior High School,Tokyo,Shinjuku,2022-04-01,,Active
CLI00110,Public Elementary School Kawagoe 110,Public Elementary School,Saitama,Kawagoe,2024-04-01,,Active
CLI00111,Private School Nerima 111,Private Elementary/Junior High School,Tokyo,Nerima,2024-03-17,,Active
CLI00112,Public Junior High School Urayasu 112,Public Junior High School,Chiba,Urayasu,2022-09-01,,Active
CLI00113,Public Elementary School Kashiwa 113,Public Elementary School,Chiba,Kashiwa,2019-05-15,,Active
CLI00114,Public Elementary School Matsudo 114,Public Elementary School,Chiba,Matsudo,2022-05-03,,Active
CLI00115,Public Junior High School Sagamihara 115,Public Junior High School,Kanagawa,Sagamihara,2022-04-01,2024-12-25,Inactive
CLI00116,Private School Itabashi 116,Private Elementary/Junior High School,Tokyo,Itabashi,2024-04-01,,Active
CLI00117,Public Elementary School Koto 117,Public Elementary School,Tokyo,Koto,2019-04-01,,Active
CLI00118,Public Junior High School Kawagoe 118,Public Junior High School,Saitama,Kawagoe,2019-09-01,,Active
CLI00119,Kindergarten Chigasaki 119,Preschool / Kindergarten,Kanagawa,Chigasaki,2022-04-01,,Active
CLI00120,High School Ota 120,High School,Tokyo,Ota,2024-04-01,,Active
CLI00121,High School Shinjuku 121,High School,Tokyo,Shinjuku,2019-09-01,,Active
CLI00122,Business Client Soka 122,Company / Business,Saitama,Soka,2025-09-01,,Active
CLI00123,Public Junior High School Asaka 123,Public Junior High School,Saitama,Asaka,2022-08-03,,Active
CLI00124,Public Elementary School Katsushika 124,Public Elementary School,Tokyo,Katsushika,2024-04-01,,Active
CLI00125,High School Adachi 125,High School,Tokyo,Adachi,2020-09-01,2022-12-03,Inactive
CLI00126,Kindergarten Ota 126,Preschool / Kindergarten,Tokyo,Ota,2019-04-01,,Active
CLI00127,Public Elementary School Kashiwa 127,Public Elementary School,Chiba,Kashiwa,2023-04-01,,Active
CLI00128,Kindergarten Tachikawa 128,Preschool / Kindergarten,Tokyo,Tachikawa,2023-09-01,,Active
CLI00129,Public Elementary School Nerima 129,Public Elementary School,Tokyo,Nerima,2025-04-01,,Active
CLI00130,Public Elementary School Ota 130,Public Elementary School,Tokyo,Ota,2020-09-01,,Active
CLI00131,Public Elementary School Soka 131,Public Elementary School,Saitama,Soka,2022-09-01,,Active
CLI00132,Public Elementary School Ota 132,Public Elementary School,Tokyo,Ota,2023-04-01,,Active
CLI00133,Kindergarten Kawaguchi 133,Preschool / Kindergarten,Saitama,Kawaguchi,2021-04-01,,Active
CLI00134,English School Adachi 134,Private English School / Language School,Tokyo,Adachi,2019-04-01,2020-02-28,Inactive
CLI00135,High School Wako 135,High School,Saitama,Wako,2025-04-01,2025-10-18,Inactive
CLI00136,Private School Setagaya 136,Private Elementary/Junior High School,Tokyo,Setagaya,2019-04-01,,Active
CLI00137,High School Ota 137,High School,Tokyo,Ota,2025-02-13,,Active
CLI00138,Kindergarten Hachioji 138,Preschool / Kindergarten,Tokyo,Hachioji,2025-04-01,,Active
CLI00139,Public Elementary School Hachioji 139,Public Elementary School,Tokyo,Hachioji,2021-04-01,,Active
CLI00140,Private School Fujimi 140,Private Elementary/Junior High School,Saitama,Fujimi,2023-04-01,,Active
CLI00141,Private School Edogawa 141,Private Elementary/Junior High School,Tokyo,Edogawa,2022-04-01,,Active
CLI00142,Private School Hachioji 142,Private Elementary/Junior High School,Tokyo,Hachioji,2024-09-01,,Active
CLI00143,Public Junior High School Funabashi 143,Public Junior High School,Chiba,Funabashi,2025-11-23,,Active
CLI00144,Private School Koto 144,Private Elementary/Junior High School,Tokyo,Koto,2019-05-22,,Active
CLI00145,Business Client Urayasu 145,Company / Business,Chiba,Urayasu,2022-04-01,,Active
CLI00146,Public Junior High School Kawagoe 146,Public Junior High School,Saitama,Kawagoe,2022-04-01,,Active
CLI00147,English School Hachioji 147,Private English School / Language School,Tokyo,Hachioji,2019-04-01,,Active
CLI00148,Public Elementary School Adachi 148,Public Elementary School,Tokyo,Adachi,2025-09-01,,Active
CLI00149,Education Client Koto 149,Other,Tokyo,Koto,2025-04-01,,Active
CLI00150,Private School Adachi 150,Private Elementary/Junior High School,Tokyo,Adachi,2022-04-01,,Active
CLI00151,English School Edogawa 151,Private English School / Language School,Tokyo,Edogawa,2025-04-01,,Active
CLI00152,Public Elementary School Tokorozawa 152,Public Elementary School,Saitama,Tokorozawa,2023-04-01,,Active
CLI00153,Education Client Chiba 153,Other,Chiba,Chiba,2023-04-01,,Active
CLI00154,High School Fujimi 154,High School,Saitama,Fujimi,2025-04-01,,Active
CLI00155,High School Shinjuku 155,High School,Tokyo,Shinjuku,2025-09-01,,Active
CLI00156,Private School Shinjuku 156,Private Elementary/Junior High School,Tokyo,Shinjuku,2023-04-01,,Active
CLI00157,Public Junior High School Edogawa 157,Public Junior High School,Tokyo,Edogawa,2021-02-04,,Active
CLI00158,Business Client Katsushika 158,Company / Business,Tokyo,Katsushika,2025-08-27,,Active
CLI00159,Kindergarten Edogawa 159,Preschool / Kindergarten,Tokyo,Edogawa,2021-04-01,,Active
CLI00160,Business Client Edogawa 160,Company / Business,Tokyo,Edogawa,2025-04-01,,Active
CLI00161,Kindergarten Kashiwa 161,Preschool / Kindergarten,Chiba,Kashiwa,2023-04-01,,Active
CLI00162,Public Junior High School Nerima 162,Public Junior High School,Tokyo,Nerima,2024-04-01,,Active
CLI00163,Public Elementary School Ota 163,Public Elementary School,Tokyo,Ota,2025-01-07,2025-09-25,Inactive
CLI00164,Private School Ichikawa 164,Private Elementary/Junior High School,Chiba,Ichikawa,2022-04-01,,Active
CLI00165,Public Elementary School Katsushika 165,Public Elementary School,Tokyo,Katsushika,2025-04-01,,Active
CLI00166,High School Itabashi 166,High School,Tokyo,Itabashi,2024-04-01,,Active
CLI00167,Kindergarten Yokohama 167,Preschool / Kindergarten,Kanagawa,Yokohama,2025-04-01,,Active
CLI00168,Public Junior High School Kawaguchi 168,Public Junior High School,Saitama,Kawaguchi,2025-04-01,,Active
CLI00169,Public Elementary School Edogawa 169,Public Elementary School,Tokyo,Edogawa,2019-04-01,,Active
CLI00170,Kindergarten Saitama 170,Preschool / Kindergarten,Saitama,Saitama,2022-04-01,,Active
CLI00171,Public Elementary School Ichikawa 171,Public Elementary School,Chiba,Ichikawa,2023-04-01,,Active
CLI00172,High School Ota 172,High School,Tokyo,Ota,2021-11-26,,Active
CLI00173,English School Fujimi 173,Private English School / Language School,Saitama,Fujimi,2023-04-01,,Active
CLI00174,Kindergarten Matsudo 174,Preschool / Kindergarten,Chiba,Matsudo,2025-12-04,,Active
CLI00175,Private School Adachi 175,Private Elementary/Junior High School,Tokyo,Adachi,2021-04-01,,Active
CLI00176,English School Itabashi 176,Private English School / Language School,Tokyo,Itabashi,2019-02-20,,Active
CLI00177,Public Junior High School Asaka 177,Public Junior High School,Saitama,Asaka,2025-04-01,,Active
CLI00178,English School Koto 178,Private English School / Language School,Tokyo,Koto,2023-04-01,,Active
CLI00179,Education Client Hachioji 179,Other,Tokyo,Hachioji,2020-04-01,2026-03-11,Inactive
CLI00180,Business Client Kashiwa 180,Company / Business,Chiba,Kashiwa,2024-04-01,2024-10-17,Inactive
CLI00181,Private School Kawaguchi 181,Private Elementary/Junior High School,Saitama,Kawaguchi,2020-04-01,,Active
CLI00182,Kindergarten Katsushika 182,Preschool / Kindergarten,Tokyo,Katsushika,2024-05-26,,Active
CLI00183,Kindergarten Chiba 183,Preschool / Kindergarten,Chiba,Chiba,2024-04-10,,Active
CLI00184,Private School Ichihara 184,Private Elementary/Junior High School,Chiba,Ichihara,2025-09-20,,Active
CLI00185,Public Elementary School Urayasu 185,Public Elementary School,Chiba,Urayasu,2020-04-01,,Active
CLI00186,Private School Kashiwa 186,Private Elementary/Junior High School,Chiba,Kashiwa,2019-04-01,,Active
CLI00187,Public Elementary School Adachi 187,Public Elementary School,Tokyo,Adachi,2025-04-01,,Active
CLI00188,Kindergarten Ota 188,Preschool / Kindergarten,Tokyo,Ota,2021-04-01,,Active
CLI00189,Public Elementary School Setagaya 189,Public Elementary School,Tokyo,Setagaya,2023-09-01,,Active
CLI00190,Kindergarten Adachi 190,Preschool / Kindergarten,Tokyo,Adachi,2024-04-01,,Active
CLI00191,English School Soka 191,Private English School / Language School,Saitama,Soka,2019-04-01,,Active
CLI00192,Public Elementary School Ichikawa 192,Public Elementary School,Chiba,Ichikawa,2025-04-01,,Active
CLI00193,Public Elementary School Shinjuku 193,Public Elementary School,Tokyo,Shinjuku,2019-04-01,,Active
CLI00194,Public Elementary School Narashino 194,Public Elementary School,Chiba,Narashino,2021-09-01,,Active
CLI00195,Public Junior High School Koto 195,Public Junior High School,Tokyo,Koto,2021-10-12,,Active
CLI00196,Public Elementary School Itabashi 196,Public Elementary School,Tokyo,Itabashi,2020-04-01,,Active
CLI00197,High School Saitama 197,High School,Saitama,Saitama,2021-04-01,,Active
CLI00198,Public Elementary School Koshigaya 198,Public Elementary School,Saitama,Koshigaya,2025-04-01,2026-01-15,Inactive
CLI00199,Private School Asaka 199,Private Elementary/Junior High School,Saitama,Asaka,2021-04-01,,Active
CLI00200,Business Client Yokohama 200,Company / Business,Kanagawa,Yokohama,2020-07-08,,Active
CLI00201,Public Elementary School Edogawa 201,Public Elementary School,Tokyo,Edogawa,2023-04-01,2024-01-26,Inactive
CLI00202,Public Elementary School Chigasaki 202,Public Elementary School,Kanagawa,Chigasaki,2025-04-01,2026-03-23,Inactive
CLI00203,Public Junior High School Yokohama 203,Public Junior High School,Kanagawa,Yokohama,2024-04-01,,Active
CLI00204,Education Client Kamakura 204,Other,Kanagawa,Kamakura,2019-02-25,,Active
CLI00205,Kindergarten Yamato 205,Preschool / Kindergarten,Kanagawa,Yamato,2019-04-01,,Active
CLI00206,Kindergarten Atsugi 206,Preschool / Kindergarten,Kanagawa,Atsugi,2021-04-01,,Active
CLI00207,Public Junior High School Katsushika 207,Public Junior High School,Tokyo,Katsushika,2019-04-01,,Active
CLI00208,Public Elementary School Tachikawa 208,Public Elementary School,Tokyo,Tachikawa,2024-09-01,,Active
CLI00209,Public Elementary School Kashiwa 209,Public Elementary School,Chiba,Kashiwa,2022-04-01,,Active
CLI00210,Public Elementary School Koto 210,Public Elementary School,Tokyo,Koto,2024-04-01,2025-10-02,Inactive
CLI00211,Kindergarten Fujimi 211,Preschool / Kindergarten,Saitama,Fujimi,2025-04-01,,Active
CLI00212,Public Elementary School Kawaguchi 212,Public Elementary School,Saitama,Kawaguchi,2022-05-06,,Active
CLI00213,Kindergarten Funabashi 213,Preschool / Kindergarten,Chiba,Funabashi,2025-04-01,,Active
CLI00214,Public Junior High School Adachi 214,Public Junior High School,Tokyo,Adachi,2024-04-01,,Active
CLI00215,High School Tachikawa 215,High School,Tokyo,Tachikawa,2020-04-01,,Active
CLI00216,High School Asaka 216,High School,Saitama,Asaka,2021-04-01,,Active
CLI00217,Public Elementary School Setagaya 217,Public Elementary School,Tokyo,Setagaya,2025-09-01,,Active
CLI00218,Public Elementary School Hachioji 218,Public Elementary School,Tokyo,Hachioji,2020-04-01,,Active
CLI00219,Business Client Koto 219,Company / Business,Tokyo,Koto,2022-04-24,,Active
CLI00220,Public Junior High School Kashiwa 220,Public Junior High School,Chiba,Kashiwa,2020-09-01,,Active
CLI00221,Kindergarten Ichikawa 221,Preschool / Kindergarten,Chiba,Ichikawa,2025-07-04,,Active
CLI00222,Public Junior High School Toda 222,Public Junior High School,Saitama,Toda,2025-04-01,,Active
CLI00223,Public Elementary School Edogawa 223,Public Elementary School,Tokyo,Edogawa,2020-04-01,,Active
CLI00224,Private School Wako 224,Private Elementary/Junior High School,Saitama,Wako,2025-09-01,,Active
CLI00225,Public Elementary School Nerima 225,Public Elementary School,Tokyo,Nerima,2024-09-01,,Active
CLI00226,Public Junior High School Edogawa 226,Public Junior High School,Tokyo,Edogawa,2025-04-01,,Active
CLI00227,Public Elementary School Toda 227,Public Elementary School,Saitama,Toda,2021-04-01,,Active
CLI00228,Kindergarten Fujimi 228,Preschool / Kindergarten,Saitama,Fujimi,2022-04-01,,Active
CLI00229,Public Elementary School Ota 229,Public Elementary School,Tokyo,Ota,2024-04-01,,Active
CLI00230,Public Elementary School Narashino 230,Public Elementary School,Chiba,Narashino,2024-04-01,,Active
CLI00231,Public Junior High School Adachi 231,Public Junior High School,Tokyo,Adachi,2023-04-01,,Active
CLI00232,Private School Edogawa 232,Private Elementary/Junior High School,Tokyo,Edogawa,2019-09-01,,Active
CLI00233,High School Saitama 233,High School,Saitama,Saitama,2022-04-01,,Active
CLI00234,Kindergarten Nerima 234,Preschool / Kindergarten,Tokyo,Nerima,2024-01-02,,Active
CLI00235,High School Itabashi 235,High School,Tokyo,Itabashi,2024-04-01,,Active
CLI00236,Business Client Chigasaki 236,Company / Business,Kanagawa,Chigasaki,2020-04-01,,Active
CLI00237,Public Elementary School Funabashi 237,Public Elementary School,Chiba,Funabashi,2022-04-01,,Active
CLI00238,English School Soka 238,Private English School / Language School,Saitama,Soka,2025-09-01,,Active
CLI00239,Public Elementary School Shinjuku 239,Public Elementary School,Tokyo,Shinjuku,2021-04-01,,Active
CLI00240,Kindergarten Kawasaki 240,Preschool / Kindergarten,Kanagawa,Kawasaki,2025-04-01,,Active
CLI00241,High School Ichihara 241,High School,Chiba,Ichihara,2020-01-13,,Active
CLI00242,Business Client Koto 242,Company / Business,Tokyo,Koto,2019-09-01,,Active
CLI00243,Public Elementary School Toda 243,Public Elementary School,Saitama,Toda,2024-03-03,,Active
CLI00244,Private School Koshigaya 244,Private Elementary/Junior High School,Saitama,Koshigaya,2023-09-01,2026-02-12,Inactive
CLI00245,Private School Ota 245,Private Elementary/Junior High School,Tokyo,Ota,2023-09-01,,Active
CLI00246,Public Junior High School Atsugi 246,Public Junior High School,Kanagawa,Atsugi,2020-09-01,,Active
CLI00247,Public Junior High School Nerima 247,Public Junior High School,Tokyo,Nerima,2021-01-17,,Active
CLI00248,Public Junior High School Setagaya 248,Public Junior High School,Tokyo,Setagaya,2019-03-21,,Active
CLI00249,Public Junior High School Chiba 249,Public Junior High School,Chiba,Chiba,2023-11-22,,Active
CLI00250,Public Elementary School Katsushika 250,Public Elementary School,Tokyo,Katsushika,2023-04-01,2025-10-01,Inactive
CLI00251,Private School Koto 251,Private Elementary/Junior High School,Tokyo,Koto,2021-11-25,,Active
CLI00252,Private School Ichikawa 252,Private Elementary/Junior High School,Chiba,Ichikawa,2021-04-01,,Active
CLI00253,Public Junior High School Shinjuku 253,Public Junior High School,Tokyo,Shinjuku,2022-09-01,,Active
CLI00254,Public Junior High School Yamato 254,Public Junior High School,Kanagawa,Yamato,2020-09-01,,Active
CLI00255,English School Kawaguchi 255,Private English School / Language School,Saitama,Kawaguchi,2025-04-01,,Active
CLI00256,Private School Koshigaya 256,Private Elementary/Junior High School,Saitama,Koshigaya,2020-09-01,,Active
CLI00257,Private School Koto 257,Private Elementary/Junior High School,Tokyo,Koto,2020-04-01,,Active
CLI00258,Private School Hachioji 258,Private Elementary/Junior High School,Tokyo,Hachioji,2020-04-01,,Active
CLI00259,Education Client Tachikawa 259,Other,Tokyo,Tachikawa,2023-04-01,,Active
CLI00260,Business Client Narashino 260,Company / Business,Chiba,Narashino,2020-04-01,,Active
CLI00261,Education Client Kawagoe 261,Other,Saitama,Kawagoe,2021-04-01,,Active
CLI00262,English School Tachikawa 262,Private English School / Language School,Tokyo,Tachikawa,2024-04-01,,Active
CLI00263,Private School Adachi 263,Private Elementary/Junior High School,Tokyo,Adachi,2023-03-27,2024-05-30,Inactive
CLI00264,Public Elementary School Matsudo 264,Public Elementary School,Chiba,Matsudo,2020-04-01,,Active
CLI00265,Public Elementary School Nerima 265,Public Elementary School,Tokyo,Nerima,2021-04-01,,Active
CLI00266,Public Junior High School Edogawa 266,Public Junior High School,Tokyo,Edogawa,2023-08-03,,Active
CLI00267,Public Junior High School Fujimi 267,Public Junior High School,Saitama,Fujimi,2020-09-01,,Active
CLI00268,Public Junior High School Yamato 268,Public Junior High School,Kanagawa,Yamato,2024-10-11,,Active
CLI00269,English School Koto 269,Private English School / Language School,Tokyo,Koto,2023-09-05,,Active
CLI00270,Public Junior High School Soka 270,Public Junior High School,Saitama,Soka,2022-04-01,,Active
CLI00271,Private School Ota 271,Private Elementary/Junior High School,Tokyo,Ota,2020-12-10,,Active
CLI00272,Public Junior High School Shinjuku 272,Public Junior High School,Tokyo,Shinjuku,2019-09-05,2025-07-05,Inactive
CLI00273,Kindergarten Tokorozawa 273,Preschool / Kindergarten,Saitama,Tokorozawa,2019-04-01,,Active
CLI00274,Education Client Matsudo 274,Other,Chiba,Matsudo,2024-09-01,,Active
CLI00275,Private School Ota 275,Private Elementary/Junior High School,Tokyo,Ota,2019-04-01,,Active
CLI00276,Private School Itabashi 276,Private Elementary/Junior High School,Tokyo,Itabashi,2022-04-01,,Active
CLI00277,Education Client Kawaguchi 277,Other,Saitama,Kawaguchi,2021-04-01,,Active
CLI00278,English School Yokohama 278,Private English School / Language School,Kanagawa,Yokohama,2019-04-01,,Active
CLI00279,Private School Saitama 279,Private Elementary/Junior High School,Saitama,Saitama,2022-04-01,,Active
CLI00280,Public Junior High School Ota 280,Public Junior High School,Tokyo,Ota,2021-04-01,,Active
CLI00281,English School Matsudo 281,Private English School / Language School,Chiba,Matsudo,2023-08-05,,Active
CLI00282,Public Junior High School Adachi 282,Public Junior High School,Tokyo,Adachi,2023-09-01,,Active
CLI00283,Business Client Shinjuku 283,Company / Business,Tokyo,Shinjuku,2025-04-01,,Active
CLI00284,English School Matsudo 284,Private English School / Language School,Chiba,Matsudo,2024-09-01,,Active
CLI00285,High School Tachikawa 285,High School,Tokyo,Tachikawa,2022-04-01,,Active
CLI00286,Public Elementary School Edogawa 286,Public Elementary School,Tokyo,Edogawa,2023-04-01,,Active
CLI00287,Public Elementary School Setagaya 287,Public Elementary School,Tokyo,Setagaya,2024-04-01,,Active
CLI00288,Public Junior High School Ota 288,Public Junior High School,Tokyo,Ota,2019-03-09,,Active
CLI00289,Private School Kamakura 289,Private Elementary/Junior High School,Kanagawa,Kamakura,2022-04-01,,Active
CLI00290,Public Elementary School Ichikawa 290,Public Elementary School,Chiba,Ichikawa,2022-09-01,,Active
CLI00291,Kindergarten Adachi 291,Preschool / Kindergarten,Tokyo,Adachi,2024-04-01,,Active
CLI00292,Public Elementary School Adachi 292,Public Elementary School,Tokyo,Adachi,2019-04-01,,Active
CLI00293,Public Junior High School Ota 293,Public Junior High School,Tokyo,Ota,2023-04-01,,Active
CLI00294,English School Shinjuku 294,Private English School / Language School,Tokyo,Shinjuku,2019-04-01,2022-05-31,Inactive
CLI00295,Public Elementary School Urayasu 295,Public Elementary School,Chiba,Urayasu,2020-11-15,,Active
CLI00296,Kindergarten Adachi 296,Preschool / Kindergarten,Tokyo,Adachi,2019-10-04,,Active
CLI00297,Public Junior High School Ichihara 297,Public Junior High School,Chiba,Ichihara,2023-04-01,,Active
CLI00298,Private School Yokohama 298,Private Elementary/Junior High School,Kanagawa,Yokohama,2022-04-09,,Active
CLI00299,Private School Toda 299,Private Elementary/Junior High School,Saitama,Toda,2025-04-01,,Active
CLI00300,Public Elementary School Asaka 300,Public Elementary School,Saitama,Asaka,2022-09-01,,Active
CLI00301,Business Client Kawasaki 301,Company / Business,Kanagawa,Kawasaki,2024-04-01,,Active
CLI00302,High School Kawaguchi 302,High School,Saitama,Kawaguchi,2025-03-17,,Active
CLI00303,Business Client Koto 303,Company / Business,Tokyo,Koto,2020-04-01,,Active
CLI00304,High School Ota 304,High School,Tokyo,Ota,2025-04-01,,Active
CLI00305,High School Shinjuku 305,High School,Tokyo,Shinjuku,2025-04-01,,Active
CLI00306,Private School Chiba 306,Private Elementary/Junior High School,Chiba,Chiba,2021-04-01,,Active
CLI00307,Business Client Nerima 307,Company / Business,Tokyo,Nerima,2023-06-08,,Active
CLI00308,English School Koshigaya 308,Private English School / Language School,Saitama,Koshigaya,2020-09-01,,Active
CLI00309,English School Toda 309,Private English School / Language School,Saitama,Toda,2025-04-01,,Active
CLI00310,Public Elementary School Matsudo 310,Public Elementary School,Chiba,Matsudo,2019-04-01,,Active
CLI00311,High School Edogawa 311,High School,Tokyo,Edogawa,2023-04-01,,Active
CLI00312,High School Sagamihara 312,High School,Kanagawa,Sagamihara,2023-04-01,,Active
CLI00313,Public Junior High School Ota 313,Public Junior High School,Tokyo,Ota,2024-04-01,,Active
CLI00314,Public Elementary School Koto 314,Public Elementary School,Tokyo,Koto,2024-10-19,2025-10-15,Inactive
CLI00315,Kindergarten Toda 315,Preschool / Kindergarten,Saitama,Toda,2023-04-01,,Active
CLI00316,Public Junior High School Kawagoe 316,Public Junior High School,Saitama,Kawagoe,2023-09-01,2024-06-19,Inactive
CLI00317,Public Elementary School Koto 317,Public Elementary School,Tokyo,Koto,2021-04-01,,Active
CLI00318,English School Tachikawa 318,Private English School / Language School,Tokyo,Tachikawa,2025-04-01,2026-01-04,Inactive
CLI00319,Kindergarten Adachi 319,Preschool / Kindergarten,Tokyo,Adachi,2025-04-01,,Active
CLI00320,Private School Yamato 320,Private Elementary/Junior High School,Kanagawa,Yamato,2020-05-22,,Active
CLI00321,Business Client Kamakura 321,Company / Business,Kanagawa,Kamakura,2022-04-01,,Active
CLI00322,Public Elementary School Toda 322,Public Elementary School,Saitama,Toda,2020-04-01,,Active
CLI00323,Public Elementary School Itabashi 323,Public Elementary School,Tokyo,Itabashi,2020-09-01,,Active
CLI00324,Kindergarten Kawasaki 324,Preschool / Kindergarten,Kanagawa,Kawasaki,2024-04-01,,Active
CLI00325,Public Elementary School Soka 325,Public Elementary School,Saitama,Soka,2022-04-01,,Active
CLI00326,Public Elementary School Kashiwa 326,Public Elementary School,Chiba,Kashiwa,2019-04-01,,Active
CLI00327,High School Kamakura 327,High School,Kanagawa,Kamakura,2023-04-01,,Active
CLI00328,Public Junior High School Setagaya 328,Public Junior High School,Tokyo,Setagaya,2023-04-01,,Active
CLI00329,Public Elementary School Hachioji 329,Public Elementary School,Tokyo,Hachioji,2025-05-21,,Active
CLI00330,Private School Setagaya 330,Private Elementary/Junior High School,Tokyo,Setagaya,2023-04-01,,Active
CLI00331,Public Elementary School Kashiwa 331,Public Elementary School,Chiba,Kashiwa,2019-04-01,,Active
CLI00332,Kindergarten Edogawa 332,Preschool / Kindergarten,Tokyo,Edogawa,2019-08-27,,Active
CLI00333,Private School Edogawa 333,Private Elementary/Junior High School,Tokyo,Edogawa,2019-04-01,,Active
CLI00334,English School Yokohama 334,Private English School / Language School,Kanagawa,Yokohama,2023-04-01,,Active
CLI00335,Education Client Ota 335,Other,Tokyo,Ota,2023-04-01,,Active
CLI00336,Education Client Saitama 336,Other,Saitama,Saitama,2020-04-01,,Active
CLI00337,Education Client Ichikawa 337,Other,Chiba,Ichikawa,2021-04-01,,Active
CLI00338,Public Junior High School Ota 338,Public Junior High School,Tokyo,Ota,2020-04-01,,Active
CLI00339,Public Elementary School Tokorozawa 339,Public Elementary School,Saitama,Tokorozawa,2019-04-01,,Active
CLI00340,Public Elementary School Hachioji 340,Public Elementary School,Tokyo,Hachioji,2020-09-01,,Active
CLI00341,Public Elementary School Chigasaki 341,Public Elementary School,Kanagawa,Chigasaki,2020-09-01,,Active
CLI00342,Public Elementary School Narashino 342,Public Elementary School,Chiba,Narashino,2022-04-01,2023-06-13,Inactive
CLI00343,Public Elementary School Hachioji 343,Public Elementary School,Tokyo,Hachioji,2023-04-01,,Active
CLI00344,Public Elementary School Shinjuku 344,Public Elementary School,Tokyo,Shinjuku,2019-09-01,,Active
CLI00345,Education Client Tokorozawa 345,Other,Saitama,Tokorozawa,2025-04-01,,Active
CLI00346,Public Junior High School Katsushika 346,Public Junior High School,Tokyo,Katsushika,2020-04-01,,Active
CLI00347,High School Chigasaki 347,High School,Kanagawa,Chigasaki,2021-04-01,,Active
CLI00348,Public Elementary School Urayasu 348,Public Elementary School,Chiba,Urayasu,2019-09-01,2025-05-22,Inactive
CLI00349,Public Junior High School Kawasaki 349,Public Junior High School,Kanagawa,Kawasaki,2025-09-01,,Active
CLI00350,Kindergarten Yamato 350,Preschool / Kindergarten,Kanagawa,Yamato,2019-04-01,,Active
CLI00351,Public Junior High School Ichihara 351,Public Junior High School,Chiba,Ichihara,2024-04-01,,Active
CLI00352,Business Client Kawagoe 352,Company / Business,Saitama,Kawagoe,2019-09-01,2021-04-20,Inactive
CLI00353,Public Elementary School Kawaguchi 353,Public Elementary School,Saitama,Kawaguchi,2021-04-01,,Active
CLI00354,Public Elementary School Ichihara 354,Public Elementary School,Chiba,Ichihara,2020-04-01,,Active
CLI00355,Public Elementary School Itabashi 355,Public Elementary School,Tokyo,Itabashi,2022-04-01,,Active
CLI00356,Private School Chiba 356,Private Elementary/Junior High School,Chiba,Chiba,2022-04-01,,Active
CLI00357,Public Elementary School Tokorozawa 357,Public Elementary School,Saitama,Tokorozawa,2022-09-01,,Active
CLI00358,Public Junior High School Katsushika 358,Public Junior High School,Tokyo,Katsushika,2022-04-01,,Active
CLI00359,Public Elementary School Yamato 359,Public Elementary School,Kanagawa,Yamato,2025-06-16,,Active
CLI00360,High School Hachioji 360,High School,Tokyo,Hachioji,2023-09-01,,Active
CLI00361,Business Client Adachi 361,Company / Business,Tokyo,Adachi,2024-04-01,,Active
CLI00362,Public Elementary School Setagaya 362,Public Elementary School,Tokyo,Setagaya,2023-09-01,,Active
CLI00363,English School Kawaguchi 363,Private English School / Language School,Saitama,Kawaguchi,2020-04-01,,Active
CLI00364,Kindergarten Tachikawa 364,Preschool / Kindergarten,Tokyo,Tachikawa,2019-08-02,,Active
CLI00365,English School Kashiwa 365,Private English School / Language School,Chiba,Kashiwa,2021-12-11,,Active
CLI00366,Kindergarten Edogawa 366,Preschool / Kindergarten,Tokyo,Edogawa,2025-12-27,,Active
CLI00367,High School Fujisawa 367,High School,Kanagawa,Fujisawa,2023-04-01,,Active
CLI00368,Public Elementary School Edogawa 368,Public Elementary School,Tokyo,Edogawa,2022-04-01,,Active
CLI00369,Business Client Matsudo 369,Company / Business,Chiba,Matsudo,2021-09-01,,Active
CLI00370,English School Tokorozawa 370,Private English School / Language School,Saitama,Tokorozawa,2023-04-01,,Active
CLI00371,Education Client Kashiwa 371,Other,Chiba,Kashiwa,2024-09-01,,Active
CLI00372,Public Junior High School Asaka 372,Public Junior High School,Saitama,Asaka,2023-04-01,,Active
CLI00373,English School Kamakura 373,Private English School / Language School,Kanagawa,Kamakura,2025-04-01,,Active
CLI00374,Private School Tachikawa 374,Private Elementary/Junior High School,Tokyo,Tachikawa,2024-01-26,,Active
CLI00375,Private School Hachioji 375,Private Elementary/Junior High School,Tokyo,Hachioji,2022-04-01,,Active
CLI00376,English School Toda 376,Private English School / Language School,Saitama,Toda,2023-04-01,2025-08-20,Inactive
CLI00377,Public Elementary School Saitama 377,Public Elementary School,Saitama,Saitama,2022-04-01,,Active
CLI00378,Public Elementary School Ota 378,Public Elementary School,Tokyo,Ota,2020-10-10,,Active
CLI00379,High School Kawagoe 379,High School,Saitama,Kawagoe,2021-09-05,,Active
CLI00380,Private School Itabashi 380,Private Elementary/Junior High School,Tokyo,Itabashi,2025-07-20,,Active
CLI00381,Public Elementary School Setagaya 381,Public Elementary School,Tokyo,Setagaya,2022-06-15,,Active
CLI00382,Public Elementary School Koto 382,Public Elementary School,Tokyo,Koto,2021-08-22,,Active
CLI00383,Private School Adachi 383,Private Elementary/Junior High School,Tokyo,Adachi,2020-01-20,,Active
CLI00384,Kindergarten Funabashi 384,Preschool / Kindergarten,Chiba,Funabashi,2024-05-27,,Active
CLI00385,Public Elementary School Urayasu 385,Public Elementary School,Chiba,Urayasu,2025-04-01,,Active
CLI00386,English School Edogawa 386,Private English School / Language School,Tokyo,Edogawa,2025-07-18,,Active
CLI00387,High School Nerima 387,High School,Tokyo,Nerima,2020-04-01,,Active
CLI00388,Business Client Urayasu 388,Company / Business,Chiba,Urayasu,2024-04-01,,Active
CLI00389,Kindergarten Ota 389,Preschool / Kindergarten,Tokyo,Ota,2023-04-01,,Active
CLI00390,Public Elementary School Fujimi 390,Public Elementary School,Saitama,Fujimi,2020-04-01,,Active
CLI00391,Kindergarten Tokorozawa 391,Preschool / Kindergarten,Saitama,Tokorozawa,2022-04-01,2024-03-06,Inactive
CLI00392,Private School Hachioji 392,Private Elementary/Junior High School,Tokyo,Hachioji,2020-04-01,,Active
CLI00393,Business Client Urayasu 393,Company / Business,Chiba,Urayasu,2019-08-13,,Active
CLI00394,English School Koto 394,Private English School / Language School,Tokyo,Koto,2025-04-01,,Active
CLI00395,English School Fujimi 395,Private English School / Language School,Saitama,Fujimi,2020-04-01,,Active
CLI00396,Public Junior High School Narashino 396,Public Junior High School,Chiba,Narashino,2025-08-08,2026-02-14,Inactive
CLI00397,Public Elementary School Shinjuku 397,Public Elementary School,Tokyo,Shinjuku,2025-04-01,,Active
CLI00398,Kindergarten Saitama 398,Preschool / Kindergarten,Saitama,Saitama,2023-09-01,,Active
CLI00399,Public Junior High School Urayasu 399,Public Junior High School,Chiba,Urayasu,2019-04-01,,Active
CLI00400,Business Client Ichikawa 400,Company / Business,Chiba,Ichikawa,2023-04-01,,Active
CLI00401,Private School Ota 401,Private Elementary/Junior High School,Tokyo,Ota,2020-04-01,,Active
CLI00402,Public Elementary School Kawasaki 402,Public Elementary School,Kanagawa,Kawasaki,2020-09-01,,Active
CLI00403,Private School Hachioji 403,Private Elementary/Junior High School,Tokyo,Hachioji,2025-04-01,2026-01-19,Inactive
CLI00404,Private School Hachioji 404,Private Elementary/Junior High School,Tokyo,Hachioji,2022-04-01,,Active
CLI00405,Kindergarten Kawasaki 405,Preschool / Kindergarten,Kanagawa,Kawasaki,2024-04-01,,Active
CLI00406,Education Client Kawasaki 406,Other,Kanagawa,Kawasaki,2019-04-01,,Active
CLI00407,Business Client Setagaya 407,Company / Business,Tokyo,Setagaya,2023-04-01,,Active
CLI00408,Kindergarten Fujisawa 408,Preschool / Kindergarten,Kanagawa,Fujisawa,2023-09-01,,Active
CLI00409,Business Client Chiba 409,Company / Business,Chiba,Chiba,2023-04-01,2024-12-16,Inactive
CLI00410,Private School Itabashi 410,Private Elementary/Junior High School,Tokyo,Itabashi,2024-11-28,,Active
CLI00411,High School Tachikawa 411,High School,Tokyo,Tachikawa,2024-04-01,,Active
CLI00412,Public Elementary School Katsushika 412,Public Elementary School,Tokyo,Katsushika,2022-04-01,,Active
CLI00413,Public Elementary School Edogawa 413,Public Elementary School,Tokyo,Edogawa,2023-03-27,,Active
CLI00414,High School Setagaya 414,High School,Tokyo,Setagaya,2023-04-01,,Active
CLI00415,High School Tachikawa 415,High School,Tokyo,Tachikawa,2024-07-12,,Active
CLI00416,Public Elementary School Sagamihara 416,Public Elementary School,Kanagawa,Sagamihara,2019-01-20,,Active
CLI00417,Private School Adachi 417,Private Elementary/Junior High School,Tokyo,Adachi,2020-04-01,,Active
CLI00418,Kindergarten Funabashi 418,Preschool / Kindergarten,Chiba,Funabashi,2023-04-01,,Active
CLI00419,Public Elementary School Narashino 419,Public Elementary School,Chiba,Narashino,2023-04-01,,Active
CLI00420,Education Client Koto 420,Other,Tokyo,Koto,2021-09-01,,Active
CLI00421,Public Elementary School Yokohama 421,Public Elementary School,Kanagawa,Yokohama,2025-04-01,,Active
CLI00422,Public Junior High School Shinjuku 422,Public Junior High School,Tokyo,Shinjuku,2025-04-01,,Active
CLI00423,Public Junior High School Wako 423,Public Junior High School,Saitama,Wako,2021-06-13,,Active
CLI00424,Public Junior High School Katsushika 424,Public Junior High School,Tokyo,Katsushika,2021-04-01,,Active
CLI00425,High School Ichikawa 425,High School,Chiba,Ichikawa,2024-04-01,,Active
CLI00426,Public Elementary School Ota 426,Public Elementary School,Tokyo,Ota,2024-04-01,2025-09-24,Inactive
CLI00427,English School Itabashi 427,Private English School / Language School,Tokyo,Itabashi,2025-09-01,2026-03-16,Inactive
CLI00428,Kindergarten Toda 428,Preschool / Kindergarten,Saitama,Toda,2025-09-01,,Active
CLI00429,Private School Kawagoe 429,Private Elementary/Junior High School,Saitama,Kawagoe,2020-09-01,,Active
CLI00430,English School Ichikawa 430,Private English School / Language School,Chiba,Ichikawa,2022-04-01,,Active
CLI00431,Public Junior High School Ichihara 431,Public Junior High School,Chiba,Ichihara,2019-03-02,,Active
CLI00432,Public Junior High School Koto 432,Public Junior High School,Tokyo,Koto,2023-09-01,,Active
CLI00433,Public Elementary School Ota 433,Public Elementary School,Tokyo,Ota,2020-04-01,,Active
CLI00434,Private School Shinjuku 434,Private Elementary/Junior High School,Tokyo,Shinjuku,2020-09-03,,Active
CLI00435,Private School Fujimi 435,Private Elementary/Junior High School,Saitama,Fujimi,2025-04-01,,Active
CLI00436,Public Junior High School Ota 436,Public Junior High School,Tokyo,Ota,2019-04-01,,Active
CLI00437,Public Elementary School Wako 437,Public Elementary School,Saitama,Wako,2023-09-01,,Active
CLI00438,English School Kamakura 438,Private English School / Language School,Kanagawa,Kamakura,2019-04-01,,Active
CLI00439,Public Junior High School Tokorozawa 439,Public Junior High School,Saitama,Tokorozawa,2021-04-01,,Active
CLI00440,Public Elementary School Itabashi 440,Public Elementary School,Tokyo,Itabashi,2025-04-01,,Active
CLI00441,Public Junior High School Ota 441,Public Junior High School,Tokyo,Ota,2023-09-01,,Active
CLI00442,Public Elementary School Kawasaki 442,Public Elementary School,Kanagawa,Kawasaki,2024-04-01,,Active
CLI00443,Education Client Shinjuku 443,Other,Tokyo,Shinjuku,2025-04-02,,Active
CLI00444,Public Elementary School Funabashi 444,Public Elementary School,Chiba,Funabashi,2022-04-01,,Active
CLI00445,Private School Saitama 445,Private Elementary/Junior High School,Saitama,Saitama,2021-05-27,2025-07-17,Inactive
CLI00446,Private School Nerima 446,Private Elementary/Junior High School,Tokyo,Nerima,2024-09-01,,Active
CLI00447,Public Junior High School Koto 447,Public Junior High School,Tokyo,Koto,2022-04-01,,Active
CLI00448,Public Junior High School Ota 448,Public Junior High School,Tokyo,Ota,2025-04-01,,Active
CLI00449,Kindergarten Kamakura 449,Preschool / Kindergarten,Kanagawa,Kamakura,2023-09-01,,Active
CLI00450,High School Ota 450,High School,Tokyo,Ota,2021-09-01,,Active
CLI00451,Kindergarten Sagamihara 451,Preschool / Kindergarten,Kanagawa,Sagamihara,2024-01-18,,Active
CLI00452,Private School Itabashi 452,Private Elementary/Junior High School,Tokyo,Itabashi,2024-04-01,,Active
CLI00453,Public Elementary School Adachi 453,Public Elementary School,Tokyo,Adachi,2025-11-08,,Active
CLI00454,Public Junior High School Itabashi 454,Public Junior High School,Tokyo,Itabashi,2021-04-01,2025-01-01,Inactive
CLI00455,Kindergarten Matsudo 455,Preschool / Kindergarten,Chiba,Matsudo,2025-08-23,2026-03-01,Inactive
CLI00456,High School Chiba 456,High School,Chiba,Chiba,2020-04-01,,Active
CLI00457,High School Asaka 457,High School,Saitama,Asaka,2025-04-01,,Active
CLI00458,Public Elementary School Matsudo 458,Public Elementary School,Chiba,Matsudo,2021-04-01,,Active
CLI00459,Public Elementary School Koshigaya 459,Public Elementary School,Saitama,Koshigaya,2025-06-10,,Active
CLI00460,Private School Kawagoe 460,Private Elementary/Junior High School,Saitama,Kawagoe,2020-03-25,,Active
CLI00461,Private School Ichihara 461,Private Elementary/Junior High School,Chiba,Ichihara,2024-09-01,,Active
CLI00462,Business Client Setagaya 462,Company / Business,Tokyo,Setagaya,2021-09-01,,Active
CLI00463,Business Client Saitama 463,Company / Business,Saitama,Saitama,2020-04-01,,Active
CLI00464,Kindergarten Tachikawa 464,Preschool / Kindergarten,Tokyo,Tachikawa,2019-04-01,,Active
CLI00465,High School Wako 465,High School,Saitama,Wako,2024-03-08,,Active
CLI00466,Public Elementary School Koto 466,Public Elementary School,Tokyo,Koto,2020-09-01,,Active
CLI00467,Public Junior High School Soka 467,Public Junior High School,Saitama,Soka,2023-04-01,,Active
CLI00468,Private School Tachikawa 468,Private Elementary/Junior High School,Tokyo,Tachikawa,2019-04-01,,Active
CLI00469,Private School Fujisawa 469,Private Elementary/Junior High School,Kanagawa,Fujisawa,2019-04-01,,Active
CLI00470,Public Elementary School Yamato 470,Public Elementary School,Kanagawa,Yamato,2024-04-01,2025-07-25,Inactive
CLI00471,Business Client Kawagoe 471,Company / Business,Saitama,Kawagoe,2022-11-15,,Active
CLI00472,High School Toda 472,High School,Saitama,Toda,2021-04-01,,Active
CLI00473,Public Elementary School Setagaya 473,Public Elementary School,Tokyo,Setagaya,2021-09-01,,Active
CLI00474,Public Junior High School Saitama 474,Public Junior High School,Saitama,Saitama,2019-04-01,,Active
CLI00475,Private School Koto 475,Private Elementary/Junior High School,Tokyo,Koto,2019-04-01,2023-03-27,Inactive
CLI00476,Public Elementary School Setagaya 476,Public Elementary School,Tokyo,Setagaya,2024-04-01,,Active
CLI00477,Public Elementary School Tachikawa 477,Public Elementary School,Tokyo,Tachikawa,2020-04-01,,Active
CLI00478,Kindergarten Narashino 478,Preschool / Kindergarten,Chiba,Narashino,2025-05-13,,Active
CLI00479,Business Client Urayasu 479,Company / Business,Chiba,Urayasu,2022-04-01,,Active
CLI00480,Public Elementary School Setagaya 480,Public Elementary School,Tokyo,Setagaya,2020-04-01,2021-03-17,Inactive
CLI00481,English School Kashiwa 481,Private English School / Language School,Chiba,Kashiwa,2020-04-01,,Active
CLI00482,Public Elementary School Matsudo 482,Public Elementary School,Chiba,Matsudo,2022-04-01,,Active
CLI00483,Public Elementary School Saitama 483,Public Elementary School,Saitama,Saitama,2023-04-01,,Active
CLI00484,Public Junior High School Koto 484,Public Junior High School,Tokyo,Koto,2024-09-01,,Active
CLI00485,Public Elementary School Ichihara 485,Public Elementary School,Chiba,Ichihara,2025-04-01,,Active
CLI00486,High School Toda 486,High School,Saitama,Toda,2022-04-01,,Active
CLI00487,Public Elementary School Ichikawa 487,Public Elementary School,Chiba,Ichikawa,2019-04-01,,Active
CLI00488,Public Elementary School Sagamihara 488,Public Elementary School,Kanagawa,Sagamihara,2019-09-01,,Active
CLI00489,Business Client Tachikawa 489,Company / Business,Tokyo,Tachikawa,2019-04-01,,Active
CLI00490,Public Elementary School Ichikawa 490,Public Elementary School,Chiba,Ichikawa,2023-04-01,2024-09-14,Inactive
CLI00491,Business Client Ota 491,Company / Business,Tokyo,Ota,2023-09-01,,Active
CLI00492,Education Client Hachioji 492,Other,Tokyo,Hachioji,2022-04-01,,Active
CLI00493,Kindergarten Shinjuku 493,Preschool / Kindergarten,Tokyo,Shinjuku,2023-06-28,,Active
CLI00494,Public Junior High School Nerima 494,Public Junior High School,Tokyo,Nerima,2020-09-01,,Active
CLI00495,Public Elementary School Kawagoe 495,Public Elementary School,Saitama,Kawagoe,2019-04-01,,Active
CLI00496,High School Shinjuku 496,High School,Tokyo,Shinjuku,2025-04-01,,Active
CLI00497,Public Elementary School Kawagoe 497,Public Elementary School,Saitama,Kawagoe,2021-04-01,,Active
CLI00498,Business Client Adachi 498,Company / Business,Tokyo,Adachi,2021-09-01,,Active
CLI00499,Kindergarten Adachi 499,Preschool / Kindergarten,Tokyo,Adachi,2020-04-01,,Active
CLI00500,Public Elementary School Hachioji 500,Public Elementary School,Tokyo,Hachioji,2021-04-01,,Active
CLI00501,Kindergarten Itabashi 501,Preschool / Kindergarten,Tokyo,Itabashi,2022-04-01,,Active
CLI00502,Private School Fujisawa 502,Private Elementary/Junior High School,Kanagawa,Fujisawa,2025-04-01,,Active
CLI00503,High School Katsushika 503,High School,Tokyo,Katsushika,2023-09-01,,Active
CLI00504,Kindergarten Chiba 504,Preschool / Kindergarten,Chiba,Chiba,2021-09-01,,Active
CLI00505,Private School Setagaya 505,Private Elementary/Junior High School,Tokyo,Setagaya,2021-09-01,,Active
CLI00506,Public Junior High School Katsushika 506,Public Junior High School,Tokyo,Katsushika,2022-12-11,,Active
CLI00507,Business Client Kawaguchi 507,Company / Business,Saitama,Kawaguchi,2020-10-06,,Active
CLI00508,High School Ota 508,High School,Tokyo,Ota,2024-01-13,,Active
CLI00509,Public Elementary School Nerima 509,Public Elementary School,Tokyo,Nerima,2022-04-01,,Active
CLI00510,Education Client Narashino 510,Other,Chiba,Narashino,2021-09-01,,Active
CLI00511,Public Elementary School Chigasaki 511,Public Elementary School,Kanagawa,Chigasaki,2019-04-01,,Active
CLI00512,Education Client Chiba 512,Other,Chiba,Chiba,2023-12-05,,Active
CLI00513,Public Junior High School Edogawa 513,Public Junior High School,Tokyo,Edogawa,2020-01-08,,Active
CLI00514,Public Elementary School Narashino 514,Public Elementary School,Chiba,Narashino,2024-09-01,,Active
CLI00515,Business Client Atsugi 515,Company / Business,Kanagawa,Atsugi,2021-04-01,,Active
CLI00516,Public Junior High School Setagaya 516,Public Junior High School,Tokyo,Setagaya,2019-04-01,,Active
CLI00517,Public Elementary School Atsugi 517,Public Elementary School,Kanagawa,Atsugi,2024-04-01,,Active
CLI00518,Public Junior High School Kawagoe 518,Public Junior High School,Saitama,Kawagoe,2023-09-01,,Active
CLI00519,Public Junior High School Funabashi 519,Public Junior High School,Chiba,Funabashi,2022-04-01,,Active
CLI00520,Education Client Ota 520,Other,Tokyo,Ota,2023-04-01,,Active
CLI00521,English School Edogawa 521,Private English School / Language School,Tokyo,Edogawa,2019-09-01,,Active
CLI00522,English School Fujisawa 522,Private English School / Language School,Kanagawa,Fujisawa,2024-04-01,,Active
CLI00523,Private School Wako 523,Private Elementary/Junior High School,Saitama,Wako,2019-01-17,,Active
CLI00524,Public Junior High School Itabashi 524,Public Junior High School,Tokyo,Itabashi,2024-09-01,2025-09-27,Inactive
CLI00525,Private School Yamato 525,Private Elementary/Junior High School,Kanagawa,Yamato,2021-04-01,,Active
CLI00526,Kindergarten Koto 526,Preschool / Kindergarten,Tokyo,Koto,2024-09-01,,Active
CLI00527,Public Elementary School Itabashi 527,Public Elementary School,Tokyo,Itabashi,2020-06-01,,Active
CLI00528,Public Junior High School Koto 528,Public Junior High School,Tokyo,Koto,2020-04-01,,Active
CLI00529,Kindergarten Toda 529,Preschool / Kindergarten,Saitama,Toda,2024-04-01,,Active
CLI00530,Kindergarten Sagamihara 530,Preschool / Kindergarten,Kanagawa,Sagamihara,2020-04-01,,Active
CLI00531,Public Elementary School Toda 531,Public Elementary School,Saitama,Toda,2023-09-01,2024-12-25,Inactive
CLI00532,Public Elementary School Yamato 532,Public Elementary School,Kanagawa,Yamato,2025-09-01,,Active
CLI00533,Public Junior High School Ota 533,Public Junior High School,Tokyo,Ota,2025-04-01,,Active
CLI00534,Education Client Tokorozawa 534,Other,Saitama,Tokorozawa,2020-06-21,,Active
CLI00535,English School Koshigaya 535,Private English School / Language School,Saitama,Koshigaya,2019-04-01,,Active
CLI00536,Kindergarten Yamato 536,Preschool / Kindergarten,Kanagawa,Yamato,2022-05-04,,Active
CLI00537,Public Junior High School Saitama 537,Public Junior High School,Saitama,Saitama,2024-05-10,2025-11-02,Inactive
CLI00538,Kindergarten Nerima 538,Preschool / Kindergarten,Tokyo,Nerima,2021-04-01,,Active
CLI00539,Business Client Saitama 539,Company / Business,Saitama,Saitama,2020-04-01,2024-08-17,Inactive
CLI00540,Public Elementary School Matsudo 540,Public Elementary School,Chiba,Matsudo,2025-05-06,,Active
CLI00541,Public Elementary School Setagaya 541,Public Elementary School,Tokyo,Setagaya,2024-04-01,2025-05-10,Inactive
CLI00542,Private School Atsugi 542,Private Elementary/Junior High School,Kanagawa,Atsugi,2019-04-01,,Active
CLI00543,Public Elementary School Kawasaki 543,Public Elementary School,Kanagawa,Kawasaki,2022-11-19,2024-01-13,Inactive
CLI00544,Public Junior High School Kawagoe 544,Public Junior High School,Saitama,Kawagoe,2025-04-01,2026-03-29,Inactive
CLI00545,Public Junior High School Yamato 545,Public Junior High School,Kanagawa,Yamato,2025-04-01,,Active
CLI00546,English School Kamakura 546,Private English School / Language School,Kanagawa,Kamakura,2024-04-01,,Active
CLI00547,Public Junior High School Ota 547,Public Junior High School,Tokyo,Ota,2019-04-01,,Active
CLI00548,Public Elementary School Itabashi 548,Public Elementary School,Tokyo,Itabashi,2025-04-01,,Active
CLI00549,Education Client Yamato 549,Other,Kanagawa,Yamato,2020-04-01,,Active
CLI00550,High School Saitama 550,High School,Saitama,Saitama,2019-04-01,,Active
CLI00551,Public Elementary School Ota 551,Public Elementary School,Tokyo,Ota,2022-09-01,,Active
CLI00552,Business Client Toda 552,Company / Business,Saitama,Toda,2025-09-01,,Active
CLI00553,English School Katsushika 553,Private English School / Language School,Tokyo,Katsushika,2024-04-01,,Active
CLI00554,Public Junior High School Adachi 554,Public Junior High School,Tokyo,Adachi,2020-04-01,,Active
CLI00555,Private School Adachi 555,Private Elementary/Junior High School,Tokyo,Adachi,2022-04-01,,Active
CLI00556,Public Junior High School Narashino 556,Public Junior High School,Chiba,Narashino,2024-06-04,,Active
CLI00557,Education Client Nerima 557,Other,Tokyo,Nerima,2025-04-01,,Active
CLI00558,Private School Itabashi 558,Private Elementary/Junior High School,Tokyo,Itabashi,2024-04-01,,Active
CLI00559,Public Junior High School Yamato 559,Public Junior High School,Kanagawa,Yamato,2024-04-01,,Active
CLI00560,High School Yamato 560,High School,Kanagawa,Yamato,2025-04-01,,Active
CLI00561,Public Elementary School Fujimi 561,Public Elementary School,Saitama,Fujimi,2020-04-01,,Active
CLI00562,High School Yamato 562,High School,Kanagawa,Yamato,2022-04-01,,Active
CLI00563,High School Setagaya 563,High School,Tokyo,Setagaya,2024-06-20,,Active
CLI00564,Public Junior High School Yokohama 564,Public Junior High School,Kanagawa,Yokohama,2022-11-25,,Active
CLI00565,Public Elementary School Chigasaki 565,Public Elementary School,Kanagawa,Chigasaki,2025-04-01,,Active
CLI00566,Business Client Kawaguchi 566,Company / Business,Saitama,Kawaguchi,2019-09-01,,Active
CLI00567,Public Junior High School Adachi 567,Public Junior High School,Tokyo,Adachi,2023-09-01,,Active
CLI00568,Public Junior High School Shinjuku 568,Public Junior High School,Tokyo,Shinjuku,2020-04-01,,Active
CLI00569,Kindergarten Adachi 569,Preschool / Kindergarten,Tokyo,Adachi,2024-04-16,,Active
CLI00570,Kindergarten Hachioji 570,Preschool / Kindergarten,Tokyo,Hachioji,2019-04-01,,Active
CLI00571,Private School Ichihara 571,Private Elementary/Junior High School,Chiba,Ichihara,2024-09-01,,Active
CLI00572,Public Junior High School Katsushika 572,Public Junior High School,Tokyo,Katsushika,2020-04-01,,Active
CLI00573,English School Ichihara 573,Private English School / Language School,Chiba,Ichihara,2021-09-01,2025-01-02,Inactive
CLI00574,Public Junior High School Urayasu 574,Public Junior High School,Chiba,Urayasu,2022-04-24,,Active
CLI00575,Public Junior High School Yokohama 575,Public Junior High School,Kanagawa,Yokohama,2019-04-01,,Active
CLI00576,Public Elementary School Fujisawa 576,Public Elementary School,Kanagawa,Fujisawa,2021-04-01,,Active
CLI00577,Business Client Katsushika 577,Company / Business,Tokyo,Katsushika,2019-04-01,,Active
CLI00578,High School Kamakura 578,High School,Kanagawa,Kamakura,2020-04-01,,Active
CLI00579,Public Junior High School Setagaya 579,Public Junior High School,Tokyo,Setagaya,2021-04-01,,Active
CLI00580,Public Elementary School Chiba 580,Public Elementary School,Chiba,Chiba,2024-04-01,,Active
CLI00581,Private School Asaka 581,Private Elementary/Junior High School,Saitama,Asaka,2021-09-01,,Active
CLI00582,Kindergarten Kawagoe 582,Preschool / Kindergarten,Saitama,Kawagoe,2025-04-01,,Active
CLI00583,Public Elementary School Fujimi 583,Public Elementary School,Saitama,Fujimi,2023-09-01,2024-07-07,Inactive
CLI00584,Business Client Ichikawa 584,Company / Business,Chiba,Ichikawa,2021-04-01,,Active
CLI00585,High School Katsushika 585,High School,Tokyo,Katsushika,2025-09-01,,Active
CLI00586,Private School Funabashi 586,Private Elementary/Junior High School,Chiba,Funabashi,2021-04-01,,Active
CLI00587,English School Fujimi 587,Private English School / Language School,Saitama,Fujimi,2021-11-25,2026-02-07,Inactive
CLI00588,Public Junior High School Ota 588,Public Junior High School,Tokyo,Ota,2023-04-01,,Active
CLI00589,High School Kawasaki 589,High School,Kanagawa,Kawasaki,2025-02-20,,Active
CLI00590,Public Junior High School Atsugi 590,Public Junior High School,Kanagawa,Atsugi,2019-04-01,,Active
CLI00591,Kindergarten Nerima 591,Preschool / Kindergarten,Tokyo,Nerima,2025-04-01,2026-01-30,Inactive
CLI00592,English School Urayasu 592,Private English School / Language School,Chiba,Urayasu,2020-04-01,,Active
CLI00593,Public Junior High School Funabashi 593,Public Junior High School,Chiba,Funabashi,2025-08-26,,Active
CLI00594,Business Client Hachioji 594,Company / Business,Tokyo,Hachioji,2023-04-01,,Active
CLI00595,Public Elementary School Setagaya 595,Public Elementary School,Tokyo,Setagaya,2019-04-01,,Active
CLI00596,Public Elementary School Ota 596,Public Elementary School,Tokyo,Ota,2020-04-01,,Active
CLI00597,Business Client Tachikawa 597,Company / Business,Tokyo,Tachikawa,2025-12-12,,Active
CLI00598,Private School Shinjuku 598,Private Elementary/Junior High School,Tokyo,Shinjuku,2024-04-01,,Active
CLI00599,Business Client Koto 599,Company / Business,Tokyo,Koto,2021-04-01,2024-04-14,Inactive
CLI00600,Public Elementary School Shinjuku 600,Public Elementary School,Tokyo,Shinjuku,2021-04-01,,Active
CLI00601,Kindergarten Yokohama 601,Preschool / Kindergarten,Kanagawa,Yokohama,2021-04-01,,Active
CLI00602,Public Junior High School Edogawa 602,Public Junior High School,Tokyo,Edogawa,2025-04-01,,Active
CLI00603,Public Junior High School Narashino 603,Public Junior High School,Chiba,Narashino,2025-09-01,,Active
CLI00604,Public Junior High School Atsugi 604,Public Junior High School,Kanagawa,Atsugi,2019-04-01,,Active
CLI00605,Kindergarten Asaka 605,Preschool / Kindergarten,Saitama,Asaka,2021-04-01,,Active
CLI00606,Public Elementary School Nerima 606,Public Elementary School,Tokyo,Nerima,2019-01-13,,Active
CLI00607,Public Junior High School Sagamihara 607,Public Junior High School,Kanagawa,Sagamihara,2023-09-01,,Active
CLI00608,Public Elementary School Tachikawa 608,Public Elementary School,Tokyo,Tachikawa,2022-04-01,2024-12-10,Inactive
CLI00609,Kindergarten Ichihara 609,Preschool / Kindergarten,Chiba,Ichihara,2021-04-01,,Active
CLI00610,Public Elementary School Adachi 610,Public Elementary School,Tokyo,Adachi,2022-04-01,,Active
CLI00611,High School Katsushika 611,High School,Tokyo,Katsushika,2023-04-01,,Active
CLI00612,Public Junior High School Fujimi 612,Public Junior High School,Saitama,Fujimi,2019-11-26,,Active
CLI00613,Private School Hachioji 613,Private Elementary/Junior High School,Tokyo,Hachioji,2019-04-01,,Active
CLI00614,Kindergarten Itabashi 614,Preschool / Kindergarten,Tokyo,Itabashi,2025-04-01,,Active
CLI00615,Public Junior High School Tachikawa 615,Public Junior High School,Tokyo,Tachikawa,2024-04-01,,Active
CLI00616,High School Fujimi 616,High School,Saitama,Fujimi,2019-04-01,,Active
CLI00617,Public Elementary School Yamato 617,Public Elementary School,Kanagawa,Yamato,2021-04-01,,Active
CLI00618,Business Client Itabashi 618,Company / Business,Tokyo,Itabashi,2022-09-01,,Active
CLI00619,Private School Setagaya 619,Private Elementary/Junior High School,Tokyo,Setagaya,2024-09-01,,Active
CLI00620,Private School Atsugi 620,Private Elementary/Junior High School,Kanagawa,Atsugi,2022-04-01,2025-03-08,Inactive
CLI00621,Private School Itabashi 621,Private Elementary/Junior High School,Tokyo,Itabashi,2025-03-03,,Active
CLI00622,Public Elementary School Hachioji 622,Public Elementary School,Tokyo,Hachioji,2020-09-01,,Active
CLI00623,Public Junior High School Kashiwa 623,Public Junior High School,Chiba,Kashiwa,2022-09-01,,Active
CLI00624,Public Junior High School Edogawa 624,Public Junior High School,Tokyo,Edogawa,2021-04-01,,Active
CLI00625,Public Elementary School Katsushika 625,Public Elementary School,Tokyo,Katsushika,2021-04-01,,Active
CLI00626,Public Elementary School Itabashi 626,Public Elementary School,Tokyo,Itabashi,2023-04-01,,Active
CLI00627,Kindergarten Toda 627,Preschool / Kindergarten,Saitama,Toda,2020-04-01,,Active
CLI00628,Public Junior High School Hachioji 628,Public Junior High School,Tokyo,Hachioji,2021-10-21,,Active
CLI00629,High School Tachikawa 629,High School,Tokyo,Tachikawa,2024-09-01,,Active
CLI00630,Kindergarten Tachikawa 630,Preschool / Kindergarten,Tokyo,Tachikawa,2024-04-01,,Active
CLI00631,Public Junior High School Atsugi 631,Public Junior High School,Kanagawa,Atsugi,2024-04-01,,Active
CLI00632,Public Junior High School Tachikawa 632,Public Junior High School,Tokyo,Tachikawa,2023-04-01,,Active
CLI00633,Public Junior High School Hachioji 633,Public Junior High School,Tokyo,Hachioji,2024-04-01,2024-12-29,Inactive
CLI00634,Public Elementary School Adachi 634,Public Elementary School,Tokyo,Adachi,2022-04-01,,Active
CLI00635,Public Elementary School Koto 635,Public Elementary School,Tokyo,Koto,2024-04-01,,Active
CLI00636,Public Elementary School Chigasaki 636,Public Elementary School,Kanagawa,Chigasaki,2022-02-11,,Active
CLI00637,Business Client Hachioji 637,Company / Business,Tokyo,Hachioji,2023-04-01,,Active
CLI00638,Kindergarten Katsushika 638,Preschool / Kindergarten,Tokyo,Katsushika,2019-04-07,,Active
CLI00639,Public Elementary School Edogawa 639,Public Elementary School,Tokyo,Edogawa,2020-04-01,,Active
CLI00640,Kindergarten Setagaya 640,Preschool / Kindergarten,Tokyo,Setagaya,2020-04-01,,Active
CLI00641,High School Adachi 641,High School,Tokyo,Adachi,2020-04-01,,Active
CLI00642,Public Elementary School Chiba 642,Public Elementary School,Chiba,Chiba,2020-07-14,,Active
CLI00643,Kindergarten Nerima 643,Preschool / Kindergarten,Tokyo,Nerima,2023-09-01,,Active
CLI00644,Public Junior High School Ota 644,Public Junior High School,Tokyo,Ota,2025-04-01,2026-02-20,Inactive
CLI00645,Public Junior High School Yokohama 645,Public Junior High School,Kanagawa,Yokohama,2023-04-01,,Active
CLI00646,Business Client Nerima 646,Company / Business,Tokyo,Nerima,2020-09-01,,Active
CLI00647,Public Elementary School Narashino 647,Public Elementary School,Chiba,Narashino,2022-04-01,,Active
CLI00648,Public Elementary School Saitama 648,Public Elementary School,Saitama,Saitama,2019-02-13,,Active
CLI00649,Business Client Fujisawa 649,Company / Business,Kanagawa,Fujisawa,2024-04-01,,Active
CLI00650,Public Elementary School Tachikawa 650,Public Elementary School,Tokyo,Tachikawa,2023-04-01,,Active
