location_id,prefecture,city,area_name,latitude,longitude,region
LOC00001,Tokyo,Kita,Kita Education Area,35.2117087,139.8917168,Kanto
LOC00002,Kanagawa,Kawasaki,Kawasaki Education Area,36.0225176,139.3008269,Kanto
LOC00003,Kanagawa,Kawasaki,Kawasaki Education Area,35.6778897,139.6251234,Kanto
LOC00004,Saitama,Soka,Soka Education Area,35.7047392,140.123522,Kanto
LOC00005,Saitama,Soka,Soka Education Area,36.1981062,140.3512764,Kanto
LOC00006,Chiba,Urayasu,Urayasu Education Area,35.8746445,139.8118528,Kanto
LOC00007,Kanagawa,Kawasaki,Kawasaki Education Area,35.7121867,139.5788692,Kanto
LOC00008,Tokyo,Koganei,Koganei Education Area,35.7567231,139.4811777,Kanto
LOC00009,Chiba,Matsudo,Matsudo Education Area,35.2646297,140.0006085,Kanto
LOC00010,Saitama,Kawaguchi,Kawaguchi Education Area,36.0287142,139.8515163,Kanto
LOC00011,Tokyo,Nerima,Nerima Education Area,36.2857176,139.6775155,Kanto
LOC00012,Tokyo,Hachioji,Hachioji Education Area,35.934327,139.6960526,Kanto
LOC00013,Saitama,Kawaguchi,Kawaguchi Education Area,36.0241043,139.9112704,Kanto
LOC00014,Kanagawa,Fujisawa,Fujisawa Education Area,36.2577725,139.4034698,Kanto
LOC00015,Tokyo,Kita,Kita Education Area,35.4370728,140.3031139,Kanto
LOC00016,Chiba,Chiba,Chiba Education Area,36.1836205,139.9126078,Kanto
LOC00017,Kanagawa,Fujisawa,Fujisawa Education Area,35.6116438,139.9333229,Kanto
LOC00018,Kanagawa,Fujisawa,Fujisawa Education Area,36.2073862,139.4682768,Kanto
LOC00019,Kanagawa,Kawasaki,Kawasaki Education Area,36.2972571,140.3484693,Kanto
LOC00020,Tokyo,Adachi,Adachi Education Area,36.159935,140.0319617,Kanto
LOC00021,Chiba,Ichikawa,Ichikawa Education Area,36.0611406,139.7591313,Kanto
LOC00022,Saitama,Warabi,Warabi Education Area,35.4257362,139.3159236,Kanto
LOC00023,Chiba,Matsudo,Matsudo Education Area,35.562479,140.3614774,Kanto
LOC00024,Saitama,Soka,Soka Education Area,35.5182601,140.2273434,Kanto
LOC00025,Kanagawa,Sagamihara,Sagamihara Education Area,35.6343049,139.9399522,Kanto
LOC00026,Saitama,Saitama,Saitama Education Area,35.5681698,140.1120169,Kanto
LOC00027,Chiba,Ichikawa,Ichikawa Education Area,35.4188664,140.1832674,Kanto
LOC00028,Saitama,Kawagoe,Kawagoe Education Area,36.0551239,139.9783551,Kanto
LOC00029,Chiba,Chiba,Chiba Education Area,35.4198306,139.7520756,Kanto
LOC00030,Kanagawa,Sagamihara,Sagamihara Education Area,36.1601397,139.7668047,Kanto
LOC00031,Chiba,Chiba,Chiba Education Area,36.0551062,139.4004186,Kanto
LOC00032,Chiba,Funabashi,Funabashi Education Area,36.2164958,139.5449991,Kanto
LOC00033,Tokyo,Tachikawa,Tachikawa Education Area,35.9757791,139.7409992,Kanto
LOC00034,Saitama,Koshigaya,Koshigaya Education Area,35.5402676,139.4401458,Kanto
LOC00035,Tokyo,Hachioji,Hachioji Education Area,35.8669722,140.346679,Kanto
LOC00036,Chiba,Kashiwa,Kashiwa Education Area,35.7588849,139.3522776,Kanto
LOC00037,Kanagawa,Yokohama,Yokohama Education Area,36.2478214,139.3157462,Kanto
LOC00038,Kanagawa,Kawasaki,Kawasaki Education Area,35.7575247,139.40849,Kanto
LOC00039,Saitama,Soka,Soka Education Area,35.4234432,139.3903327,Kanto
LOC00040,Kanagawa,Kawasaki,Kawasaki Education Area,36.1644717,140.0361674,Kanto
LOC00041,Chiba,Funabashi,Funabashi Education Area,35.6514354,139.802402,Kanto
LOC00042,Saitama,Toda,Toda Education Area,35.2425089,140.1021291,Kanto
LOC00043,Chiba,Funabashi,Funabashi Education Area,36.1928906,139.3985668,Kanto
LOC00044,Tokyo,Itabashi,Itabashi Education Area,35.251961,140.3009003,Kanto
LOC00045,Saitama,Toda,Toda Education Area,35.9706441,140.0020015,Kanto
LOC00046,Saitama,Saitama,Saitama Education Area,35.9301215,140.2567613,Kanto
LOC00047,Chiba,Ichikawa,Ichikawa Education Area,35.6679743,139.7483764,Kanto
LOC00048,Kanagawa,Yamato,Yamato Education Area,35.5675599,140.0822602,Kanto
LOC00049,Chiba,Funabashi,Funabashi Education Area,35.6764555,139.7436978,Kanto
LOC00050,Chiba,Matsudo,Matsudo Education Area,35.7137886,139.5850289,Kanto
LOC00051,Kanagawa,Sagamihara,Sagamihara Education Area,35.9428643,139.5012491,Kanto
LOC00052,Kanagawa,Fujisawa,Fujisawa Education Area,36.2411103,139.9598057,Kanto
LOC00053,Tokyo,Edogawa,Edogawa Education Area,35.6857328,139.3038209,Kanto
LOC00054,Kanagawa,Fujisawa,Fujisawa Education Area,35.8783094,139.8021465,Kanto
LOC00055,Tokyo,Koganei,Koganei Education Area,35.5713309,140.0660213,Kanto
LOC00056,Chiba,Kashiwa,Kashiwa Education Area,35.2874718,140.0810488,Kanto
LOC00057,Tokyo,Kita,Kita Education Area,36.0516583,139.451749,Kanto
LOC00058,Tokyo,Kita,Kita Education Area,35.8418071,139.7523596,Kanto
LOC00059,Chiba,Urayasu,Urayasu Education Area,35.6761443,139.8282016,Kanto
LOC00060,Tokyo,Nerima,Nerima Education Area,35.9145381,140.0428681,Kanto
LOC00061,Chiba,Funabashi,Funabashi Education Area,35.4646112,139.8284696,Kanto
LOC00062,Kanagawa,Yokohama,Yokohama Education Area,35.2385395,139.3745533,Kanto
LOC00063,Tokyo,Itabashi,Itabashi Education Area,35.5927075,139.3887209,Kanto
LOC00064,Kanagawa,Kawasaki,Kawasaki Education Area,35.9276748,140.3348546,Kanto
LOC00065,Chiba,Ichikawa,Ichikawa Education Area,35.2867802,139.304297,Kanto
LOC00066,Saitama,Warabi,Warabi Education Area,35.2996931,140.0700192,Kanto
LOC00067,Kanagawa,Yokohama,Yokohama Education Area,35.9622916,139.8446542,Kanto
LOC00068,Saitama,Soka,Soka Education Area,36.0243507,139.9138998,Kanto
LOC00069,Chiba,Funabashi,Funabashi Education Area,35.3592558,139.4830333,Kanto
LOC00070,Chiba,Ichikawa,Ichikawa Education Area,35.655239,139.9507598,Kanto
LOC00071,Saitama,Saitama,Saitama Education Area,36.0715535,139.8803143,Kanto
LOC00072,Kanagawa,Sagamihara,Sagamihara Education Area,35.5822927,139.5262096,Kanto
LOC00073,Saitama,Warabi,Warabi Education Area,35.4449695,139.9436849,Kanto
LOC00074,Chiba,Funabashi,Funabashi Education Area,35.4628243,139.5410021,Kanto
LOC00075,Chiba,Chiba,Chiba Education Area,35.2454409,140.0733714,Kanto
LOC00076,Kanagawa,Sagamihara,Sagamihara Education Area,35.40603,139.8911647,Kanto
LOC00077,Kanagawa,Yamato,Yamato Education Area,35.4386245,139.7235213,Kanto
LOC00078,Saitama,Soka,Soka Education Area,35.622158,140.0750246,Kanto
LOC00079,Kanagawa,Yokohama,Yokohama Education Area,35.8887207,139.9267108,Kanto
LOC00080,Chiba,Chiba,Chiba Education Area,35.6829721,140.2896511,Kanto
LOC00081,Saitama,Kawaguchi,Kawaguchi Education Area,36.0618912,140.2937002,Kanto
LOC00082,Saitama,Toda,Toda Education Area,35.3169626,139.6958607,Kanto
LOC00083,Chiba,Matsudo,Matsudo Education Area,35.8361138,139.866912,Kanto
LOC00084,Tokyo,Hachioji,Hachioji Education Area,35.8383253,139.5605468,Kanto
LOC00085,Chiba,Funabashi,Funabashi Education Area,35.4848745,140.0073366,Kanto
LOC00086,Kanagawa,Fujisawa,Fujisawa Education Area,36.0160096,140.2915518,Kanto
LOC00087,Kanagawa,Kawasaki,Kawasaki Education Area,36.0030463,139.444415,Kanto
LOC00088,Kanagawa,Yokohama,Yokohama Education Area,35.7778416,139.3547851,Kanto
LOC00089,Tokyo,Ota,Ota Education Area,35.3841145,139.8734878,Kanto
LOC00090,Saitama,Koshigaya,Koshigaya Education Area,35.5344777,140.0662573,Kanto
LOC00091,Tokyo,Katsushika,Katsushika Education Area,35.5899295,139.7013593,Kanto
LOC00092,Chiba,Matsudo,Matsudo Education Area,36.2285799,139.7210282,Kanto
LOC00093,Saitama,Toda,Toda Education Area,35.6060459,139.4934416,Kanto
LOC00094,Chiba,Kashiwa,Kashiwa Education Area,36.2701535,140.2069376,Kanto
LOC00095,Saitama,Toda,Toda Education Area,35.2962931,139.8639666,Kanto
LOC00096,Kanagawa,Fujisawa,Fujisawa Education Area,35.9249441,139.7076135,Kanto
LOC00097,Chiba,Chiba,Chiba Education Area,35.5058155,139.8208715,Kanto
LOC00098,Saitama,Koshigaya,Koshigaya Education Area,35.7795259,139.4045128,Kanto
LOC00099,Saitama,Koshigaya,Koshigaya Education Area,36.0530128,139.8626999,Kanto
LOC00100,Chiba,Chiba,Chiba Education Area,35.8606483,140.0164427,Kanto
LOC00101,Tokyo,Itabashi,Itabashi Education Area,35.9500484,139.4625587,Kanto
LOC00102,Kanagawa,Kawasaki,Kawasaki Education Area,35.6843495,140.3748726,Kanto
LOC00103,Saitama,Soka,Soka Education Area,35.8751578,139.4714587,Kanto
LOC00104,Tokyo,Koganei,Koganei Education Area,35.5520329,139.5707844,Kanto
LOC00105,Chiba,Funabashi,Funabashi Education Area,35.4801175,140.1307914,Kanto
LOC00106,Kanagawa,Yamato,Yamato Education Area,35.3975655,139.9005681,Kanto
LOC00107,Saitama,Saitama,Saitama Education Area,35.9903053,139.3750879,Kanto
LOC00108,Tokyo,Tachikawa,Tachikawa Education Area,36.0921348,139.6750938,Kanto
LOC00109,Kanagawa,Yamato,Yamato Education Area,35.826493,139.3856216,Kanto
LOC00110,Tokyo,Hachioji,Hachioji Education Area,35.7618651,139.9232154,Kanto
LOC00111,Saitama,Warabi,Warabi Education Area,36.0068131,139.4081642,Kanto
LOC00112,Saitama,Koshigaya,Koshigaya Education Area,35.343253,139.9361265,Kanto
LOC00113,Tokyo,Katsushika,Katsushika Education Area,36.1114929,139.9340679,Kanto
LOC00114,Kanagawa,Yokohama,Yokohama Education Area,36.2507396,140.1740917,Kanto
LOC00115,Tokyo,Tachikawa,Tachikawa Education Area,35.607963,139.8366477,Kanto
LOC00116,Kanagawa,Kawasaki,Kawasaki Education Area,35.2495271,140.3635364,Kanto
LOC00117,Tokyo,Itabashi,Itabashi Education Area,36.0244072,139.4535088,Kanto
LOC00118,Chiba,Matsudo,Matsudo Education Area,36.118966,140.3684892,Kanto
LOC00119,Saitama,Toda,Toda Education Area,36.1287477,139.8675861,Kanto
LOC00120,Saitama,Koshigaya,Koshigaya Education Area,35.32254,140.019386,Kanto
LOC00121,Kanagawa,Kawasaki,Kawasaki Education Area,35.9954065,139.5953643,Kanto
LOC00122,Saitama,Warabi,Warabi Education Area,35.3626617,140.2623948,Kanto
LOC00123,Saitama,Koshigaya,Koshigaya Education Area,35.230384,140.2199813,Kanto
LOC00124,Kanagawa,Kawasaki,Kawasaki Education Area,35.8599305,139.5233505,Kanto
LOC00125,Tokyo,Adachi,Adachi Education Area,35.4172651,140.3410005,Kanto
LOC00126,Chiba,Funabashi,Funabashi Education Area,35.9285492,139.783064,Kanto
LOC00127,Tokyo,Kita,Kita Education Area,35.3805,140.1317703,Kanto
LOC00128,Kanagawa,Fujisawa,Fujisawa Education Area,35.4633756,140.2144065,Kanto
LOC00129,Saitama,Kawaguchi,Kawaguchi Education Area,36.1972819,139.7942736,Kanto
LOC00130,Kanagawa,Sagamihara,Sagamihara Education Area,36.2644994,140.3722031,Kanto
LOC00131,Tokyo,Adachi,Adachi Education Area,35.5958395,139.3122532,Kanto
LOC00132,Kanagawa,Sagamihara,Sagamihara Education Area,35.7957562,140.0949513,Kanto
LOC00133,Chiba,Funabashi,Funabashi Education Area,36.1339939,139.6032512,Kanto
LOC00134,Tokyo,Nerima,Nerima Education Area,36.2030255,139.9737885,Kanto
LOC00135,Chiba,Ichikawa,Ichikawa Education Area,35.217725,139.9191734,Kanto
LOC00136,Saitama,Kawagoe,Kawagoe Education Area,36.0683985,139.6713061,Kanto
LOC00137,Tokyo,Edogawa,Edogawa Education Area,35.5612947,140.0916131,Kanto
LOC00138,Saitama,Saitama,Saitama Education Area,35.3111413,140.2221807,Kanto
LOC00139,Kanagawa,Yokohama,Yokohama Education Area,35.4352836,139.4825905,Kanto
LOC00140,Kanagawa,Yamato,Yamato Education Area,35.8269864,140.3911905,Kanto
LOC00141,Saitama,Koshigaya,Koshigaya Education Area,35.2793902,139.7395976,Kanto
LOC00142,Saitama,Warabi,Warabi Education Area,35.2871179,140.123497,Kanto
LOC00143,Saitama,Soka,Soka Education Area,36.2776558,140.206247,Kanto
LOC00144,Saitama,Koshigaya,Koshigaya Education Area,35.6573908,140.1632349,Kanto
LOC00145,Tokyo,Nerima,Nerima Education Area,35.327423,139.8989853,Kanto
LOC00146,Saitama,Soka,Soka Education Area,35.7919127,139.6069889,Kanto
LOC00147,Saitama,Toda,Toda Education Area,36.1235936,139.521614,Kanto
LOC00148,Tokyo,Katsushika,Katsushika Education Area,35.3196224,139.3738421,Kanto
LOC00149,Chiba,Ichikawa,Ichikawa Education Area,35.8165412,140.153606,Kanto
LOC00150,Tokyo,Itabashi,Itabashi Education Area,35.7988633,139.3385495,Kanto
LOC00151,Tokyo,Katsushika,Katsushika Education Area,35.6081938,140.16323,Kanto
LOC00152,Tokyo,Kita,Kita Education Area,35.8435726,140.1073957,Kanto
LOC00153,Kanagawa,Kawasaki,Kawasaki Education Area,35.2260468,139.8815072,Kanto
LOC00154,Saitama,Koshigaya,Koshigaya Education Area,35.6361695,139.3652672,Kanto
LOC00155,Chiba,Ichikawa,Ichikawa Education Area,35.303084,139.5309801,Kanto
LOC00156,Saitama,Kawagoe,Kawagoe Education Area,35.7241335,139.6133652,Kanto
LOC00157,Chiba,Matsudo,Matsudo Education Area,35.7466965,139.3673109,Kanto
LOC00158,Saitama,Soka,Soka Education Area,36.206933,140.3009802,Kanto
LOC00159,Chiba,Urayasu,Urayasu Education Area,35.9109281,140.2109277,Kanto
LOC00160,Kanagawa,Fujisawa,Fujisawa Education Area,35.6666975,140.1560186,Kanto
LOC00161,Kanagawa,Yamato,Yamato Education Area,36.2446788,140.1589006,Kanto
LOC00162,Saitama,Saitama,Saitama Education Area,35.241295,139.6686438,Kanto
LOC00163,Saitama,Koshigaya,Koshigaya Education Area,35.850684,139.7945085,Kanto
LOC00164,Tokyo,Koganei,Koganei Education Area,36.1736306,140.063553,Kanto
LOC00165,Saitama,Kawaguchi,Kawaguchi Education Area,36.0980636,139.9033955,Kanto
LOC00166,Chiba,Ichikawa,Ichikawa Education Area,35.641655,139.4180266,Kanto
LOC00167,Kanagawa,Yokohama,Yokohama Education Area,35.692479,139.7644165,Kanto
LOC00168,Kanagawa,Kawasaki,Kawasaki Education Area,36.0149837,140.1254722,Kanto
LOC00169,Kanagawa,Sagamihara,Sagamihara Education Area,35.9230295,139.8830051,Kanto
LOC00170,Chiba,Urayasu,Urayasu Education Area,35.4233242,140.0738605,Kanto
LOC00171,Saitama,Soka,Soka Education Area,36.2291841,139.5740124,Kanto
LOC00172,Chiba,Funabashi,Funabashi Education Area,35.3981398,140.1178122,Kanto
LOC00173,Tokyo,Kita,Kita Education Area,35.3669518,140.1745838,Kanto
LOC00174,Kanagawa,Kawasaki,Kawasaki Education Area,35.9446066,139.6781726,Kanto
LOC00175,Tokyo,Hachioji,Hachioji Education Area,35.794906,139.5963978,Kanto
LOC00176,Tokyo,Koganei,Koganei Education Area,35.4499409,139.9153417,Kanto
LOC00177,Saitama,Kawaguchi,Kawaguchi Education Area,36.1331873,140.034459,Kanto
LOC00178,Tokyo,Tachikawa,Tachikawa Education Area,35.2805416,139.8430639,Kanto
LOC00179,Chiba,Matsudo,Matsudo Education Area,35.383626,140.158206,Kanto
LOC00180,Tokyo,Hachioji,Hachioji Education Area,35.8349697,139.9567227,Kanto
LOC00181,Saitama,Kawaguchi,Kawaguchi Education Area,35.2139103,140.2534019,Kanto
LOC00182,Tokyo,Tachikawa,Tachikawa Education Area,35.3265346,139.4700586,Kanto
LOC00183,Kanagawa,Yokohama,Yokohama Education Area,36.0145715,139.7364967,Kanto
LOC00184,Kanagawa,Yokohama,Yokohama Education Area,35.5485858,139.586612,Kanto
LOC00185,Kanagawa,Sagamihara,Sagamihara Education Area,35.4261189,139.9238801,Kanto
LOC00186,Tokyo,Nerima,Nerima Education Area,35.7845505,139.987284,Kanto
LOC00187,Chiba,Chiba,Chiba Education Area,35.4493615,140.1283012,Kanto
LOC00188,Saitama,Koshigaya,Koshigaya Education Area,36.2599784,139.4163288,Kanto
LOC00189,Kanagawa,Yokohama,Yokohama Education Area,35.2134403,139.7148891,Kanto
LOC00190,Tokyo,Itabashi,Itabashi Education Area,35.3638702,139.8239293,Kanto
LOC00191,Tokyo,Ota,Ota Education Area,35.7442948,139.4130311,Kanto
LOC00192,Kanagawa,Sagamihara,Sagamihara Education Area,36.2137152,140.1939187,Kanto
LOC00193,Saitama,Toda,Toda Education Area,35.27217,139.7262756,Kanto
LOC00194,Kanagawa,Kawasaki,Kawasaki Education Area,36.2997585,139.5039127,Kanto
LOC00195,Kanagawa,Yokohama,Yokohama Education Area,36.2853508,139.3357264,Kanto
LOC00196,Tokyo,Nerima,Nerima Education Area,35.4018082,139.9970528,Kanto
LOC00197,Chiba,Chiba,Chiba Education Area,35.2689878,140.0577588,Kanto
LOC00198,Tokyo,Nerima,Nerima Education Area,36.1257878,139.8193121,Kanto
LOC00199,Kanagawa,Yamato,Yamato Education Area,35.7661575,140.1546839,Kanto
LOC00200,Tokyo,Koganei,Koganei Education Area,36.0200318,139.7493272,Kanto
LOC00201,Kanagawa,Yamato,Yamato Education Area,36.1517436,139.9654256,Kanto
LOC00202,Saitama,Saitama,Saitama Education Area,36.0114976,139.7190666,Kanto
LOC00203,Kanagawa,Yokohama,Yokohama Education Area,35.4249638,139.6764156,Kanto
LOC00204,Chiba,Funabashi,Funabashi Education Area,35.4838284,140.0041905,Kanto
LOC00205,Tokyo,Nerima,Nerima Education Area,35.3282377,139.856307,Kanto
LOC00206,Tokyo,Nerima,Nerima Education Area,35.666208,140.2638524,Kanto
LOC00207,Saitama,Kawagoe,Kawagoe Education Area,35.4213239,140.0238591,Kanto
LOC00208,Chiba,Matsudo,Matsudo Education Area,35.8513147,139.8583509,Kanto
LOC00209,Chiba,Funabashi,Funabashi Education Area,35.3412868,140.3491691,Kanto
LOC00210,Tokyo,Koganei,Koganei Education Area,35.2326735,140.2596713,Kanto
LOC00211,Chiba,Urayasu,Urayasu Education Area,35.6960135,140.3202058,Kanto
LOC00212,Chiba,Urayasu,Urayasu Education Area,35.9574561,139.7531398,Kanto
LOC00213,Kanagawa,Sagamihara,Sagamihara Education Area,36.1476668,139.559482,Kanto
LOC00214,Saitama,Toda,Toda Education Area,36.1340111,139.4416662,Kanto
LOC00215,Saitama,Kawagoe,Kawagoe Education Area,36.0390588,139.9421324,Kanto
LOC00216,Saitama,Warabi,Warabi Education Area,36.2964277,139.3816767,Kanto
LOC00217,Kanagawa,Kawasaki,Kawasaki Education Area,35.8136105,139.6264132,Kanto
LOC00218,Tokyo,Adachi,Adachi Education Area,35.9609729,139.5533979,Kanto
LOC00219,Kanagawa,Sagamihara,Sagamihara Education Area,36.1925186,139.8279003,Kanto
LOC00220,Saitama,Koshigaya,Koshigaya Education Area,35.2232679,139.5624215,Kanto
LOC00221,Chiba,Funabashi,Funabashi Education Area,36.2513265,139.8482879,Kanto
LOC00222,Tokyo,Itabashi,Itabashi Education Area,36.1166219,139.6633834,Kanto
LOC00223,Kanagawa,Fujisawa,Fujisawa Education Area,35.6784813,139.6794262,Kanto
LOC00224,Saitama,Kawaguchi,Kawaguchi Education Area,35.3562151,140.0252085,Kanto
LOC00225,Chiba,Matsudo,Matsudo Education Area,35.3376271,139.8858074,Kanto
LOC00226,Chiba,Ichikawa,Ichikawa Education Area,35.2964024,139.7178332,Kanto
LOC00227,Tokyo,Kita,Kita Education Area,35.5176255,139.9919996,Kanto
LOC00228,Tokyo,Nerima,Nerima Education Area,35.495069,140.2746548,Kanto
LOC00229,Saitama,Warabi,Warabi Education Area,35.2560625,139.4028705,Kanto
LOC00230,Kanagawa,Sagamihara,Sagamihara Education Area,35.9983039,140.1059759,Kanto
LOC00231,Saitama,Toda,Toda Education Area,35.6896634,139.5737332,Kanto
LOC00232,Tokyo,Edogawa,Edogawa Education Area,35.8405237,140.2315311,Kanto
LOC00233,Saitama,Soka,Soka Education Area,35.2641852,139.5265244,Kanto
LOC00234,Tokyo,Tachikawa,Tachikawa Education Area,35.2819175,140.1529219,Kanto
LOC00235,Kanagawa,Kawasaki,Kawasaki Education Area,35.910856,139.3286988,Kanto
LOC00236,Kanagawa,Sagamihara,Sagamihara Education Area,36.0179426,140.0468799,Kanto
LOC00237,Kanagawa,Kawasaki,Kawasaki Education Area,35.4699067,139.6801666,Kanto
LOC00238,Saitama,Warabi,Warabi Education Area,36.0450334,139.6003415,Kanto
LOC00239,Chiba,Kashiwa,Kashiwa Education Area,35.7478099,139.3984849,Kanto
LOC00240,Tokyo,Koganei,Koganei Education Area,35.5078106,139.8790962,Kanto
LOC00241,Saitama,Soka,Soka Education Area,35.7070801,139.7384683,Kanto
LOC00242,Tokyo,Hachioji,Hachioji Education Area,36.0401402,140.2272529,Kanto
LOC00243,Kanagawa,Yamato,Yamato Education Area,35.5483531,139.7280884,Kanto
LOC00244,Kanagawa,Yamato,Yamato Education Area,35.621964,139.6797295,Kanto
LOC00245,Tokyo,Nerima,Nerima Education Area,36.147946,140.3539853,Kanto
LOC00246,Kanagawa,Sagamihara,Sagamihara Education Area,35.697086,139.7115288,Kanto
LOC00247,Saitama,Toda,Toda Education Area,36.1281771,140.2766613,Kanto
LOC00248,Kanagawa,Fujisawa,Fujisawa Education Area,35.9465222,139.437977,Kanto
LOC00249,Kanagawa,Sagamihara,Sagamihara Education Area,35.5156936,140.3765321,Kanto
LOC00250,Kanagawa,Kawasaki,Kawasaki Education Area,36.2182676,140.1506378,Kanto
LOC00251,Chiba,Matsudo,Matsudo Education Area,35.8919116,139.8598642,Kanto
LOC00252,Tokyo,Katsushika,Katsushika Education Area,35.886054,139.6530433,Kanto
LOC00253,Chiba,Matsudo,Matsudo Education Area,35.3401357,139.6569326,Kanto
LOC00254,Saitama,Kawaguchi,Kawaguchi Education Area,36.0744363,140.3477184,Kanto
LOC00255,Chiba,Urayasu,Urayasu Education Area,35.9068048,139.620074,Kanto
LOC00256,Tokyo,Koganei,Koganei Education Area,36.1057167,139.4428647,Kanto
LOC00257,Kanagawa,Fujisawa,Fujisawa Education Area,35.4692305,139.5752782,Kanto
LOC00258,Tokyo,Koganei,Koganei Education Area,35.3425906,140.299944,Kanto
LOC00259,Kanagawa,Fujisawa,Fujisawa Education Area,36.0969968,139.4082929,Kanto
LOC00260,Saitama,Saitama,Saitama Education Area,35.5710174,140.2499421,Kanto
LOC00261,Saitama,Kawaguchi,Kawaguchi Education Area,35.8537969,139.826006,Kanto
LOC00262,Chiba,Matsudo,Matsudo Education Area,35.7874209,140.2375339,Kanto
LOC00263,Chiba,Matsudo,Matsudo Education Area,35.2599628,139.646318,Kanto
LOC00264,Tokyo,Koganei,Koganei Education Area,35.44067,139.4251634,Kanto
LOC00265,Tokyo,Edogawa,Edogawa Education Area,35.2866404,139.5960906,Kanto
LOC00266,Kanagawa,Kawasaki,Kawasaki Education Area,36.2142357,139.605205,Kanto
LOC00267,Chiba,Urayasu,Urayasu Education Area,35.7533932,140.0121766,Kanto
LOC00268,Tokyo,Ota,Ota Education Area,35.6289427,139.6925448,Kanto
LOC00269,Kanagawa,Yokohama,Yokohama Education Area,35.4138914,139.749336,Kanto
LOC00270,Chiba,Matsudo,Matsudo Education Area,35.4763676,139.5733352,Kanto
LOC00271,Chiba,Chiba,Chiba Education Area,35.7465845,139.4329204,Kanto
LOC00272,Kanagawa,Yokohama,Yokohama Education Area,36.2075307,139.5688809,Kanto
LOC00273,Chiba,Matsudo,Matsudo Education Area,35.4166851,139.9394107,Kanto
LOC00274,Kanagawa,Yokohama,Yokohama Education Area,35.7883693,139.5979382,Kanto
LOC00275,Tokyo,Ota,Ota Education Area,35.8491294,139.8854504,Kanto
LOC00276,Tokyo,Edogawa,Edogawa Education Area,35.9772996,140.2293761,Kanto
LOC00277,Kanagawa,Kawasaki,Kawasaki Education Area,35.733673,139.3213847,Kanto
LOC00278,Tokyo,Tachikawa,Tachikawa Education Area,35.9144201,139.593992,Kanto
LOC00279,Chiba,Chiba,Chiba Education Area,35.5676353,140.3062194,Kanto
LOC00280,Kanagawa,Kawasaki,Kawasaki Education Area,36.060692,140.3999505,Kanto
LOC00281,Chiba,Kashiwa,Kashiwa Education Area,35.9021193,140.0515239,Kanto
LOC00282,Tokyo,Ota,Ota Education Area,35.4707023,139.6685531,Kanto
LOC00283,Chiba,Urayasu,Urayasu Education Area,35.5967096,140.2656235,Kanto
LOC00284,Saitama,Toda,Toda Education Area,36.2805496,139.3429151,Kanto
LOC00285,Chiba,Ichikawa,Ichikawa Education Area,35.5202844,140.0973564,Kanto
LOC00286,Tokyo,Ota,Ota Education Area,35.2276531,139.826982,Kanto
LOC00287,Tokyo,Tachikawa,Tachikawa Education Area,35.5607854,140.1198022,Kanto
LOC00288,Kanagawa,Fujisawa,Fujisawa Education Area,35.7820033,139.5312081,Kanto
LOC00289,Tokyo,Itabashi,Itabashi Education Area,35.4031063,139.8072846,Kanto
LOC00290,Tokyo,Hachioji,Hachioji Education Area,35.6233109,140.1643286,Kanto
LOC00291,Kanagawa,Yokohama,Yokohama Education Area,35.2857518,139.7952,Kanto
LOC00292,Kanagawa,Sagamihara,Sagamihara Education Area,35.3863612,140.1374916,Kanto
LOC00293,Chiba,Matsudo,Matsudo Education Area,35.5132043,139.4287976,Kanto
LOC00294,Saitama,Soka,Soka Education Area,35.3075627,139.9379178,Kanto
LOC00295,Kanagawa,Yamato,Yamato Education Area,35.9325153,140.0754417,Kanto
LOC00296,Tokyo,Adachi,Adachi Education Area,35.6714128,140.0021952,Kanto
LOC00297,Saitama,Warabi,Warabi Education Area,35.6825776,140.092889,Kanto
LOC00298,Saitama,Koshigaya,Koshigaya Education Area,35.8655263,139.3064773,Kanto
LOC00299,Kanagawa,Fujisawa,Fujisawa Education Area,35.3917738,139.3857336,Kanto
LOC00300,Tokyo,Kita,Kita Education Area,35.8122379,139.9983253,Kanto
LOC00301,Saitama,Toda,Toda Education Area,36.1575332,139.5199821,Kanto
LOC00302,Kanagawa,Yokohama,Yokohama Education Area,35.3297221,139.4589386,Kanto
LOC00303,Saitama,Kawagoe,Kawagoe Education Area,35.4625564,139.3803716,Kanto
LOC00304,Saitama,Toda,Toda Education Area,35.4595263,139.881764,Kanto
LOC00305,Tokyo,Edogawa,Edogawa Education Area,35.795406,139.912396,Kanto
LOC00306,Saitama,Saitama,Saitama Education Area,35.4321718,140.029524,Kanto
LOC00307,Tokyo,Ota,Ota Education Area,35.3884482,139.9150173,Kanto
LOC00308,Saitama,Soka,Soka Education Area,35.8811634,139.6463608,Kanto
LOC00309,Saitama,Warabi,Warabi Education Area,35.5443311,140.1607945,Kanto
LOC00310,Saitama,Toda,Toda Education Area,35.3233466,139.3781792,Kanto
LOC00311,Tokyo,Koganei,Koganei Education Area,35.9208709,139.9185176,Kanto
LOC00312,Kanagawa,Kawasaki,Kawasaki Education Area,36.0621266,139.9112107,Kanto
LOC00313,Saitama,Koshigaya,Koshigaya Education Area,35.2184284,140.3701462,Kanto
LOC00314,Tokyo,Kita,Kita Education Area,35.2363785,139.8654179,Kanto
LOC00315,Chiba,Ichikawa,Ichikawa Education Area,35.538235,139.5393817,Kanto
LOC00316,Tokyo,Tachikawa,Tachikawa Education Area,35.2707954,139.5798784,Kanto
LOC00317,Kanagawa,Yokohama,Yokohama Education Area,35.4097325,140.1920985,Kanto
LOC00318,Chiba,Urayasu,Urayasu Education Area,35.557528,139.9060874,Kanto
LOC00319,Tokyo,Nerima,Nerima Education Area,35.6214049,140.3729989,Kanto
LOC00320,Kanagawa,Fujisawa,Fujisawa Education Area,35.7781357,139.3466226,Kanto
LOC00321,Chiba,Kashiwa,Kashiwa Education Area,35.2783993,139.3597637,Kanto
LOC00322,Saitama,Soka,Soka Education Area,35.9035684,139.3355549,Kanto
LOC00323,Saitama,Toda,Toda Education Area,35.2743107,140.1791629,Kanto
LOC00324,Chiba,Ichikawa,Ichikawa Education Area,35.3062602,139.573937,Kanto
LOC00325,Kanagawa,Sagamihara,Sagamihara Education Area,35.7878471,140.2582672,Kanto
LOC00326,Kanagawa,Yamato,Yamato Education Area,35.62548,140.383343,Kanto
LOC00327,Tokyo,Katsushika,Katsushika Education Area,36.0272693,139.6506368,Kanto
LOC00328,Kanagawa,Yokohama,Yokohama Education Area,36.289502,140.3102088,Kanto
LOC00329,Chiba,Ichikawa,Ichikawa Education Area,36.0335203,140.2548205,Kanto
LOC00330,Kanagawa,Fujisawa,Fujisawa Education Area,35.6939569,139.486164,Kanto
LOC00331,Tokyo,Katsushika,Katsushika Education Area,35.2182184,139.8138388,Kanto
LOC00332,Tokyo,Ota,Ota Education Area,35.9019636,139.9426961,Kanto
LOC00333,Tokyo,Tachikawa,Tachikawa Education Area,36.1811471,139.6272626,Kanto
LOC00334,Kanagawa,Yamato,Yamato Education Area,35.2075777,140.2441416,Kanto
LOC00335,Tokyo,Edogawa,Edogawa Education Area,35.5907067,139.7492762,Kanto
LOC00336,Saitama,Saitama,Saitama Education Area,35.7145045,139.6539398,Kanto
LOC00337,Chiba,Kashiwa,Kashiwa Education Area,36.1678412,139.5346148,Kanto
LOC00338,Tokyo,Adachi,Adachi Education Area,35.7608897,139.621774,Kanto
LOC00339,Chiba,Matsudo,Matsudo Education Area,35.6428212,139.9755487,Kanto
LOC00340,Kanagawa,Yamato,Yamato Education Area,36.2526144,139.6679294,Kanto
LOC00341,Chiba,Matsudo,Matsudo Education Area,35.2858849,140.2388509,Kanto
LOC00342,Saitama,Saitama,Saitama Education Area,36.2940609,139.3690307,Kanto
LOC00343,Saitama,Saitama,Saitama Education Area,36.0580384,140.1497287,Kanto
LOC00344,Chiba,Kashiwa,Kashiwa Education Area,35.2315944,139.7576126,Kanto
LOC00345,Saitama,Toda,Toda Education Area,35.2592436,139.4378806,Kanto
LOC00346,Tokyo,Adachi,Adachi Education Area,35.9304071,139.4764694,Kanto
LOC00347,Kanagawa,Fujisawa,Fujisawa Education Area,36.0914807,139.3993142,Kanto
LOC00348,Chiba,Matsudo,Matsudo Education Area,36.0685894,139.8542903,Kanto
LOC00349,Saitama,Saitama,Saitama Education Area,35.5104453,139.3483229,Kanto
LOC00350,Kanagawa,Fujisawa,Fujisawa Education Area,35.6536669,139.4296159,Kanto
LOC00351,Tokyo,Nerima,Nerima Education Area,35.7218876,139.8729925,Kanto
LOC00352,Chiba,Kashiwa,Kashiwa Education Area,35.7341288,139.8883414,Kanto
LOC00353,Tokyo,Katsushika,Katsushika Education Area,36.140746,139.7949072,Kanto
LOC00354,Tokyo,Itabashi,Itabashi Education Area,36.0947423,139.3896739,Kanto
LOC00355,Tokyo,Adachi,Adachi Education Area,35.7326481,140.2642365,Kanto
LOC00356,Kanagawa,Yamato,Yamato Education Area,35.7260917,139.844587,Kanto
LOC00357,Saitama,Saitama,Saitama Education Area,36.249431,140.281462,Kanto
LOC00358,Kanagawa,Fujisawa,Fujisawa Education Area,35.4744096,139.8596632,Kanto
LOC00359,Chiba,Urayasu,Urayasu Education Area,35.2138251,139.4158146,Kanto
LOC00360,Saitama,Toda,Toda Education Area,35.4768261,139.3038801,Kanto
LOC00361,Kanagawa,Yamato,Yamato Education Area,35.4253787,139.6348035,Kanto
LOC00362,Chiba,Kashiwa,Kashiwa Education Area,35.2349547,140.0251804,Kanto
LOC00363,Saitama,Kawagoe,Kawagoe Education Area,35.7247003,139.9905932,Kanto
LOC00364,Chiba,Funabashi,Funabashi Education Area,35.3724379,139.7268579,Kanto
LOC00365,Kanagawa,Sagamihara,Sagamihara Education Area,35.6048031,139.3287721,Kanto
LOC00366,Tokyo,Adachi,Adachi Education Area,35.6560067,140.0701253,Kanto
LOC00367,Saitama,Soka,Soka Education Area,35.5817365,139.5937979,Kanto
LOC00368,Saitama,Warabi,Warabi Education Area,35.733262,139.988989,Kanto
LOC00369,Saitama,Warabi,Warabi Education Area,35.4217862,140.3009554,Kanto
LOC00370,Kanagawa,Yokohama,Yokohama Education Area,36.2262567,139.573668,Kanto
LOC00371,Chiba,Urayasu,Urayasu Education Area,36.2489813,140.3349189,Kanto
LOC00372,Saitama,Toda,Toda Education Area,35.7183456,140.3696349,Kanto
LOC00373,Chiba,Kashiwa,Kashiwa Education Area,35.2198053,139.4481384,Kanto
LOC00374,Chiba,Urayasu,Urayasu Education Area,36.0162456,140.0190417,Kanto
LOC00375,Kanagawa,Yamato,Yamato Education Area,35.8364265,140.2957554,Kanto
LOC00376,Chiba,Funabashi,Funabashi Education Area,35.5651516,139.5375907,Kanto
LOC00377,Tokyo,Hachioji,Hachioji Education Area,36.0292105,140.2315361,Kanto
LOC00378,Saitama,Soka,Soka Education Area,35.595654,139.890349,Kanto
LOC00379,Saitama,Toda,Toda Education Area,36.0327881,139.7123273,Kanto
LOC00380,Saitama,Saitama,Saitama Education Area,35.5415683,139.5866157,Kanto
LOC00381,Saitama,Toda,Toda Education Area,35.301543,140.3155858,Kanto
LOC00382,Tokyo,Itabashi,Itabashi Education Area,36.2998522,139.5197851,Kanto
LOC00383,Saitama,Kawaguchi,Kawaguchi Education Area,35.8402546,139.5238561,Kanto
LOC00384,Saitama,Toda,Toda Education Area,36.2223817,140.3006822,Kanto
LOC00385,Chiba,Matsudo,Matsudo Education Area,36.2216237,140.3596358,Kanto
LOC00386,Kanagawa,Kawasaki,Kawasaki Education Area,35.2523337,139.4010129,Kanto
LOC00387,Tokyo,Itabashi,Itabashi Education Area,36.2201379,140.1401626,Kanto
LOC00388,Kanagawa,Fujisawa,Fujisawa Education Area,36.2930813,140.2814044,Kanto
LOC00389,Tokyo,Hachioji,Hachioji Education Area,35.8414922,139.4411243,Kanto
LOC00390,Saitama,Koshigaya,Koshigaya Education Area,36.2053088,139.3719079,Kanto
LOC00391,Tokyo,Itabashi,Itabashi Education Area,36.0819702,139.7050285,Kanto
LOC00392,Saitama,Warabi,Warabi Education Area,35.7325085,139.4791509,Kanto
LOC00393,Kanagawa,Sagamihara,Sagamihara Education Area,35.7208945,140.3286391,Kanto
LOC00394,Chiba,Matsudo,Matsudo Education Area,35.8888001,139.3648642,Kanto
LOC00395,Tokyo,Edogawa,Edogawa Education Area,35.5741216,139.3660292,Kanto
LOC00396,Tokyo,Nerima,Nerima Education Area,35.7242408,140.3182103,Kanto
LOC00397,Saitama,Koshigaya,Koshigaya Education Area,36.0714721,139.5302916,Kanto
LOC00398,Kanagawa,Yokohama,Yokohama Education Area,36.1929238,139.9131961,Kanto
LOC00399,Chiba,Kashiwa,Kashiwa Education Area,36.1726418,139.8694891,Kanto
LOC00400,Chiba,Chiba,Chiba Education Area,35.5815575,139.7234841,Kanto
LOC00401,Saitama,Toda,Toda Education Area,36.166541,139.9810682,Kanto
LOC00402,Tokyo,Nerima,Nerima Education Area,35.2601924,140.1565488,Kanto
LOC00403,Tokyo,Koganei,Koganei Education Area,35.6799084,139.4587731,Kanto
LOC00404,Chiba,Urayasu,Urayasu Education Area,35.7240131,139.9172567,Kanto
LOC00405,Chiba,Urayasu,Urayasu Education Area,35.2200866,140.046675,Kanto
LOC00406,Saitama,Soka,Soka Education Area,35.4430629,140.3297963,Kanto
LOC00407,Chiba,Ichikawa,Ichikawa Education Area,35.259469,139.972736,Kanto
LOC00408,Kanagawa,Yokohama,Yokohama Education Area,35.3248184,139.3032389,Kanto
LOC00409,Kanagawa,Yokohama,Yokohama Education Area,36.1445283,139.4136192,Kanto
LOC00410,Tokyo,Ota,Ota Education Area,36.2561443,140.2203259,Kanto
LOC00411,Kanagawa,Fujisawa,Fujisawa Education Area,35.3988548,140.2150883,Kanto
LOC00412,Tokyo,Koganei,Koganei Education Area,35.5385705,140.2039781,Kanto
LOC00413,Tokyo,Tachikawa,Tachikawa Education Area,35.7341635,139.8951421,Kanto
LOC00414,Chiba,Ichikawa,Ichikawa Education Area,35.9888303,139.4213243,Kanto
LOC00415,Saitama,Warabi,Warabi Education Area,35.9313339,139.5437766,Kanto
LOC00416,Kanagawa,Fujisawa,Fujisawa Education Area,35.9186996,140.23561,Kanto
LOC00417,Kanagawa,Yamato,Yamato Education Area,36.1248366,140.0573513,Kanto
LOC00418,Saitama,Kawagoe,Kawagoe Education Area,36.2416625,139.4949985,Kanto
LOC00419,Chiba,Funabashi,Funabashi Education Area,35.907119,140.0501031,Kanto
LOC00420,Kanagawa,Fujisawa,Fujisawa Education Area,35.2003778,139.6952579,Kanto
LOC00421,Kanagawa,Kawasaki,Kawasaki Education Area,35.6728606,139.5438681,Kanto
LOC00422,Tokyo,Ota,Ota Education Area,35.5012444,140.0823906,Kanto
LOC00423,Kanagawa,Sagamihara,Sagamihara Education Area,35.8955873,139.4668208,Kanto
LOC00424,Kanagawa,Sagamihara,Sagamihara Education Area,35.677152,139.6658947,Kanto
LOC00425,Saitama,Kawagoe,Kawagoe Education Area,35.7928439,140.2637332,Kanto
LOC00426,Kanagawa,Fujisawa,Fujisawa Education Area,35.9363635,139.468889,Kanto
LOC00427,Tokyo,Tachikawa,Tachikawa Education Area,36.0683092,139.5858996,Kanto
LOC00428,Saitama,Soka,Soka Education Area,35.5812571,139.8509468,Kanto
LOC00429,Saitama,Warabi,Warabi Education Area,35.8236212,139.7637117,Kanto
LOC00430,Chiba,Chiba,Chiba Education Area,35.2662543,139.6409337,Kanto
LOC00431,Kanagawa,Yamato,Yamato Education Area,36.0331808,139.4205413,Kanto
LOC00432,Tokyo,Ota,Ota Education Area,36.2799462,139.3694841,Kanto
LOC00433,Kanagawa,Sagamihara,Sagamihara Education Area,35.4881117,140.2985887,Kanto
LOC00434,Kanagawa,Sagamihara,Sagamihara Education Area,35.9016726,140.3957453,Kanto
LOC00435,Chiba,Funabashi,Funabashi Education Area,36.239748,139.5400288,Kanto
LOC00436,Kanagawa,Kawasaki,Kawasaki Education Area,35.469619,139.8190246,Kanto
LOC00437,Kanagawa,Yokohama,Yokohama Education Area,36.222187,139.8309019,Kanto
LOC00438,Saitama,Toda,Toda Education Area,36.2581307,139.7147428,Kanto
LOC00439,Saitama,Toda,Toda Education Area,36.2297653,140.0493128,Kanto
LOC00440,Saitama,Warabi,Warabi Education Area,35.7267419,140.0987775,Kanto
LOC00441,Tokyo,Itabashi,Itabashi Education Area,36.209506,140.0101672,Kanto
LOC00442,Chiba,Matsudo,Matsudo Education Area,35.8854231,139.4004264,Kanto
LOC00443,Chiba,Funabashi,Funabashi Education Area,35.6985599,139.8969621,Kanto
LOC00444,Saitama,Kawaguchi,Kawaguchi Education Area,36.2072197,139.4496989,Kanto
LOC00445,Chiba,Urayasu,Urayasu Education Area,36.2632865,139.3730727,Kanto
LOC00446,Chiba,Funabashi,Funabashi Education Area,35.2083393,140.0482051,Kanto
LOC00447,Chiba,Matsudo,Matsudo Education Area,36.2237699,140.2197394,Kanto
LOC00448,Tokyo,Itabashi,Itabashi Education Area,35.5103485,139.7461247,Kanto
LOC00449,Chiba,Ichikawa,Ichikawa Education Area,35.4001692,139.3576524,Kanto
LOC00450,Kanagawa,Yokohama,Yokohama Education Area,35.9840934,139.3757515,Kanto
LOC00451,Tokyo,Nerima,Nerima Education Area,36.0763113,140.394363,Kanto
LOC00452,Saitama,Soka,Soka Education Area,35.3100304,140.2407706,Kanto
LOC00453,Chiba,Kashiwa,Kashiwa Education Area,35.8921996,139.8355851,Kanto
LOC00454,Saitama,Koshigaya,Koshigaya Education Area,35.7996016,139.3364016,Kanto
LOC00455,Kanagawa,Fujisawa,Fujisawa Education Area,36.0064863,139.3003297,Kanto
LOC00456,Tokyo,Hachioji,Hachioji Education Area,36.2413445,139.3809955,Kanto
LOC00457,Kanagawa,Fujisawa,Fujisawa Education Area,35.4618943,140.1431009,Kanto
LOC00458,Chiba,Chiba,Chiba Education Area,35.8148264,139.9191491,Kanto
LOC00459,Tokyo,Edogawa,Edogawa Education Area,35.3808949,139.9536198,Kanto
LOC00460,Saitama,Warabi,Warabi Education Area,35.7907621,139.6979553,Kanto
LOC00461,Saitama,Warabi,Warabi Education Area,36.1751399,140.1330307,Kanto
LOC00462,Tokyo,Itabashi,Itabashi Education Area,35.6776725,139.858064,Kanto
LOC00463,Chiba,Kashiwa,Kashiwa Education Area,35.3021438,140.1688911,Kanto
LOC00464,Chiba,Matsudo,Matsudo Education Area,36.0462074,139.9281388,Kanto
LOC00465,Tokyo,Koganei,Koganei Education Area,35.8791014,139.7460219,Kanto
LOC00466,Saitama,Koshigaya,Koshigaya Education Area,36.0042658,140.0817683,Kanto
LOC00467,Kanagawa,Sagamihara,Sagamihara Education Area,35.467529,139.3136502,Kanto
LOC00468,Chiba,Funabashi,Funabashi Education Area,35.3821413,139.8788255,Kanto
LOC00469,Saitama,Soka,Soka Education Area,35.4441727,139.928035,Kanto
LOC00470,Saitama,Koshigaya,Koshigaya Education Area,35.6738678,139.6515205,Kanto
LOC00471,Saitama,Soka,Soka Education Area,36.2269393,139.4253263,Kanto
LOC00472,Chiba,Kashiwa,Kashiwa Education Area,35.4016012,140.1051239,Kanto
LOC00473,Saitama,Warabi,Warabi Education Area,36.0607351,139.628027,Kanto
LOC00474,Saitama,Toda,Toda Education Area,36.1988031,139.57587,Kanto
LOC00475,Tokyo,Adachi,Adachi Education Area,35.536224,139.8262211,Kanto
LOC00476,Tokyo,Katsushika,Katsushika Education Area,36.0093175,139.3561579,Kanto
LOC00477,Chiba,Matsudo,Matsudo Education Area,35.9247888,139.6791776,Kanto
LOC00478,Tokyo,Ota,Ota Education Area,35.2047802,139.4204531,Kanto
LOC00479,Tokyo,Nerima,Nerima Education Area,36.2203907,140.1865105,Kanto
LOC00480,Saitama,Kawaguchi,Kawaguchi Education Area,35.6183287,139.8089465,Kanto
LOC00481,Tokyo,Nerima,Nerima Education Area,36.115635,139.8425075,Kanto
LOC00482,Saitama,Toda,Toda Education Area,36.228017,139.8000636,Kanto
LOC00483,Tokyo,Ota,Ota Education Area,35.3128383,139.854098,Kanto
LOC00484,Chiba,Ichikawa,Ichikawa Education Area,35.5086744,140.0158997,Kanto
LOC00485,Tokyo,Ota,Ota Education Area,35.6776897,140.2284849,Kanto
LOC00486,Saitama,Saitama,Saitama Education Area,35.2609526,140.3428155,Kanto
