offboarding_id,employee_id,employment_history_id,offboarding_date,departure_type,leaving_reason,exit_interview_completed,exit_satisfaction,would_recommend,would_return,rehire_eligible,comments
OFF000001,DUD100003,EMPLOY000003,2025-05-20,Involuntary,Policy Violation,True,5,True,False,False,
OFF000002,DUD100005,EMPLOY000005,2025-10-29,Involuntary,Client Request,True,1,True,False,False,
OFF000003,DUD100009,EMPLOY000009,2026-11-04,Voluntary,Commute,False,,,,True,
OFF000004,DUD100028,EMPLOY000028,2027-03-26,Voluntary,Compensation,True,5,True,True,True,
OFF000005,DUD100029,EMPLOY000029,2023-07-01,Voluntary,Personal Reasons,True,2,True,True,True,
OFF000006,DUD100030,EMPLOY000030,2024-08-01,Voluntary,Returning Home,True,2,False,True,True,
OFF000007,DUD100032,EMPLOY000032,2028-04-26,Involuntary,Performance,False,,,,False,
OFF000008,DUD100035,EMPLOY000035,2026-02-21,Voluntary,Personal Reasons,True,2,False,False,True,
OFF000009,DUD100038,EMPLOY000038,2023-12-13,Voluntary,Career Change,True,1,True,True,True,
OFF000010,DUD100043,EMPLOY000043,2021-12-25,Involuntary,Performance,True,1,False,True,False,
OFF000011,DUD100047,EMPLOY000047,2022-11-19,Voluntary,Assignment Issues,False,,,,True,
OFF000012,DUD100052,EMPLOY000052,2025-01-24,Voluntary,Assignment Issues,True,1,True,True,True,
OFF000013,DUD100053,EMPLOY000053,2024-02-21,Voluntary,Assignment Issues,True,2,True,True,True,
OFF000014,DUD100055,EMPLOY000055,2024-12-20,Voluntary,Assignment Issues,True,2,True,False,True,
OFF000015,DUD100059,EMPLOY000059,2025-01-07,Involuntary,Policy Violation,True,5,True,True,False,
OFF000016,DUD100063,EMPLOY000063,2022-02-01,Involuntary,Attendance,True,4,True,False,False,
OFF000017,DUD100069,EMPLOY000069,2027-07-03,Voluntary,Assignment Issues,True,5,True,False,True,
OFF000018,DUD100077,EMPLOY000077,2025-07-22,Voluntary,Career Development,True,2,True,False,True,
OFF000019,DUD100078,EMPLOY000078,2026-11-07,Voluntary,Career Change,True,4,True,True,True,
OFF000020,DUD100080,EMPLOY000080,2025-09-24,Voluntary,Career Change,True,2,True,True,True,
OFF000021,DUD100081,EMPLOY000081,2023-09-12,Involuntary,Contract End,True,1,True,True,False,
OFF000022,DUD100087,EMPLOY000087,2024-12-23,Voluntary,Returning Home,True,2,False,False,True,
OFF000023,DUD100091,EMPLOY000091,2027-02-11,Involuntary,Performance,True,2,True,True,False,
OFF000024,DUD100097,EMPLOY000097,2024-07-25,Involuntary,Policy Violation,True,2,True,True,False,
OFF000025,DUD100104,EMPLOY000104,2024-02-02,Voluntary,Career Development,True,3,True,False,True,
OFF000026,DUD100105,EMPLOY000105,2028-03-18,Voluntary,Returning Home,True,4,True,False,True,
OFF000027,DUD100106,EMPLOY000106,2023-01-16,Voluntary,Returning Home,True,4,True,True,True,
OFF000028,DUD100112,EMPLOY000112,2025-05-23,Voluntary,Commute,True,4,True,True,True,
OFF000029,DUD100113,EMPLOY000113,2022-02-15,Involuntary,Policy Violation,True,3,True,False,False,
OFF000030,DUD100120,EMPLOY000120,2024-06-23,Voluntary,Career Change,True,4,True,True,True,
OFF000031,DUD100121,EMPLOY000121,2027-03-28,Voluntary,Commute,True,2,True,True,True,
OFF000032,DUD100123,EMPLOY000123,2024-06-25,Involuntary,Contract End,True,3,True,False,False,
OFF000033,DUD100124,EMPLOY000124,2024-06-30,Involuntary,Attendance,True,5,True,True,False,
OFF000034,DUD100139,EMPLOY000139,2024-04-26,Voluntary,Career Change,True,4,True,False,True,
OFF000035,DUD100143,EMPLOY000143,2023-02-25,Voluntary,Personal Reasons,True,2,False,True,True,
OFF000036,DUD100155,EMPLOY000155,2022-10-22,Involuntary,Policy Violation,False,,,,False,
OFF000037,DUD100158,EMPLOY000158,2023-06-10,Voluntary,Career Change,False,,,,True,
OFF000038,DUD100163,EMPLOY000163,2024-05-09,Involuntary,Contract End,True,4,False,False,False,
OFF000039,DUD100170,EMPLOY000170,2027-05-03,Involuntary,Contract End,True,1,True,True,False,
OFF000040,DUD100171,EMPLOY000171,2023-04-14,Voluntary,Career Development,False,,,,True,
OFF000041,DUD100181,EMPLOY000181,2026-11-30,Voluntary,Career Development,True,2,True,True,True,
OFF000042,DUD100185,EMPLOY000185,2027-12-23,Voluntary,Relocation,True,4,True,False,True,
OFF000043,DUD100191,EMPLOY000191,2023-10-30,Voluntary,Relocation,False,,,,True,
OFF000044,DUD100194,EMPLOY000194,2024-02-15,Voluntary,Commute,True,3,True,True,True,
OFF000045,DUD100199,EMPLOY000199,2024-08-18,Voluntary,Commute,True,5,True,True,True,
OFF000046,DUD100200,EMPLOY000200,2024-09-16,Involuntary,Attendance,True,4,False,True,False,
OFF000047,DUD100205,EMPLOY000205,2025-06-30,Voluntary,Assignment Issues,False,,,,True,
OFF000048,DUD100208,EMPLOY000208,2028-04-23,Voluntary,Returning Home,True,2,True,True,True,
OFF000049,DUD100216,EMPLOY000216,2023-10-30,Voluntary,Personal Reasons,True,3,False,True,True,
OFF000050,DUD100218,EMPLOY000218,2027-06-03,Voluntary,Relocation,True,3,True,False,True,
OFF000051,DUD100228,EMPLOY000228,2024-05-27,Voluntary,Relocation,True,4,False,True,True,
OFF000052,DUD100231,EMPLOY000231,2022-07-17,Voluntary,Commute,True,5,True,False,True,
OFF000053,DUD100232,EMPLOY000232,2022-09-05,Voluntary,Personal Reasons,False,,,,True,
OFF000054,DUD100237,EMPLOY000237,2022-03-28,Voluntary,Career Development,False,,,,True,
OFF000055,DUD100247,EMPLOY000247,2022-04-21,Voluntary,Personal Reasons,False,,,,True,
OFF000056,DUD100265,EMPLOY000265,2027-06-10,Voluntary,Career Change,True,1,True,True,True,
OFF000057,DUD100289,EMPLOY000289,2027-03-14,Voluntary,Personal Reasons,True,5,False,True,True,
OFF000058,DUD100294,EMPLOY000294,2025-08-13,Voluntary,Assignment Issues,False,,,,True,
OFF000059,DUD100307,EMPLOY000307,2026-09-01,Voluntary,Returning Home,True,3,False,True,True,
OFF000060,DUD100313,EMPLOY000313,2025-01-18,Voluntary,Personal Reasons,True,2,True,True,True,
OFF000061,DUD100316,EMPLOY000316,2028-04-13,Voluntary,Career Change,True,1,False,False,True,
OFF000062,DUD100319,EMPLOY000319,2025-05-22,Voluntary,Personal Reasons,True,2,True,True,True,
OFF000063,DUD100320,EMPLOY000320,2028-06-12,Involuntary,Client Request,False,,,,False,
OFF000064,DUD100328,EMPLOY000328,2025-12-12,Voluntary,Commute,True,4,False,True,True,
OFF000065,DUD100329,EMPLOY000329,2025-03-28,Voluntary,Work-Life Balance,False,,,,True,
OFF000066,DUD100333,EMPLOY000333,2025-05-03,Voluntary,Personal Reasons,True,1,False,True,True,
OFF000067,DUD100337,EMPLOY000337,2023-07-19,Voluntary,Career Change,True,1,True,False,True,
OFF000068,DUD100339,EMPLOY000339,2025-06-15,Voluntary,Relocation,True,1,True,False,True,
OFF000069,DUD100348,EMPLOY000348,2024-09-03,Voluntary,Career Change,False,,,,True,
OFF000070,DUD100354,EMPLOY000354,2024-07-22,Voluntary,Career Change,True,1,True,True,True,
OFF000071,DUD100357,EMPLOY000357,2024-09-26,Voluntary,Career Change,True,1,True,True,True,
OFF000072,DUD100361,EMPLOY000361,2026-02-16,Voluntary,Work-Life Balance,False,,,,True,
OFF000073,DUD100362,EMPLOY000362,2024-09-08,Voluntary,Returning Home,True,5,True,False,True,
OFF000074,DUD100375,EMPLOY000375,2023-12-11,Voluntary,Career Change,False,,,,True,
OFF000075,DUD100378,EMPLOY000378,2027-09-30,Voluntary,Commute,True,3,True,True,True,
OFF000076,DUD100380,EMPLOY000380,2025-03-19,Voluntary,Assignment Issues,True,2,True,False,True,
OFF000077,DUD100381,EMPLOY000381,2026-05-12,Voluntary,Compensation,True,2,False,True,True,
OFF000078,DUD100388,EMPLOY000388,2022-06-20,Involuntary,Policy Violation,False,,,,False,
OFF000079,DUD100389,EMPLOY000389,2022-08-24,Voluntary,Career Development,True,4,False,False,True,
OFF000080,DUD100394,EMPLOY000394,2021-08-22,Voluntary,Commute,True,3,False,True,True,
OFF000081,DUD100405,EMPLOY000405,2026-05-17,Voluntary,Work-Life Balance,True,2,False,False,True,
OFF000082,DUD100406,EMPLOY000406,2026-12-09,Voluntary,Assignment Issues,True,3,True,True,True,
OFF000083,DUD100407,EMPLOY000407,2027-01-15,Voluntary,Compensation,True,3,True,False,True,
OFF000084,DUD100408,EMPLOY000408,2024-08-03,Voluntary,Returning Home,True,1,True,True,True,
OFF000085,DUD100412,EMPLOY000412,2028-01-01,Voluntary,Relocation,True,2,True,True,True,
OFF000086,DUD100417,EMPLOY000417,2021-10-03,Voluntary,Assignment Issues,False,,,,True,
OFF000087,DUD100418,EMPLOY000418,2024-08-24,Voluntary,Commute,True,3,True,True,True,
OFF000088,DUD100426,EMPLOY000426,2023-05-22,Voluntary,Relocation,False,,,,True,
OFF000089,DUD100441,EMPLOY000441,2026-07-20,Voluntary,Assignment Issues,True,1,True,True,True,
OFF000090,DUD100446,EMPLOY000446,2022-01-04,Voluntary,Work-Life Balance,True,3,True,True,True,
OFF000091,DUD100447,EMPLOY000447,2026-01-14,Voluntary,Relocation,False,,,,True,
OFF000092,DUD100449,EMPLOY000449,2025-09-24,Involuntary,Client Request,True,1,True,True,False,
OFF000093,DUD100451,EMPLOY000451,2023-12-02,Voluntary,Work-Life Balance,True,2,True,False,True,
OFF000094,DUD100452,EMPLOY000452,2023-05-20,Voluntary,Returning Home,True,4,True,True,True,
OFF000095,DUD100458,EMPLOY000458,2027-02-08,Voluntary,Career Development,False,,,,True,
OFF000096,DUD100459,EMPLOY000459,2025-05-13,Voluntary,Assignment Issues,False,,,,True,
OFF000097,DUD100470,EMPLOY000470,2024-01-05,Voluntary,Career Development,True,4,True,False,True,
OFF000098,DUD100471,EMPLOY000471,2023-03-01,Involuntary,Attendance,True,3,False,False,False,
OFF000099,DUD100475,EMPLOY000475,2027-12-05,Voluntary,Compensation,False,,,,True,
OFF000100,DUD100476,EMPLOY000476,2027-04-27,Voluntary,Assignment Issues,True,4,True,False,True,
OFF000101,DUD100478,EMPLOY000478,2022-10-25,Involuntary,Contract End,True,5,False,True,False,
OFF000102,DUD100480,EMPLOY000480,2023-04-09,Voluntary,Career Development,False,,,,True,
OFF000103,DUD100484,EMPLOY000484,2023-09-19,Voluntary,Returning Home,True,5,True,True,True,
OFF000104,DUD100486,EMPLOY000486,2027-01-11,Voluntary,Assignment Issues,True,3,True,False,True,
OFF000105,DUD100487,EMPLOY000487,2025-11-02,Involuntary,Policy Violation,True,3,False,True,False,
OFF000106,DUD100489,EMPLOY000489,2028-01-31,Voluntary,Compensation,True,4,True,True,True,
OFF000107,DUD100506,EMPLOY000506,2025-08-11,Voluntary,Assignment Issues,True,1,True,False,True,
OFF000108,DUD100516,EMPLOY000516,2027-03-07,Voluntary,Career Development,True,2,True,True,True,
OFF000109,DUD100528,EMPLOY000528,2024-07-03,Involuntary,Client Request,True,2,True,False,False,
OFF000110,DUD100535,EMPLOY000535,2026-03-19,Voluntary,Work-Life Balance,True,1,True,False,True,
OFF000111,DUD100542,EMPLOY000542,2023-10-21,Voluntary,Personal Reasons,True,2,True,False,True,
OFF000112,DUD100546,EMPLOY000546,2027-08-25,Voluntary,Returning Home,False,,,,True,
OFF000113,DUD100557,EMPLOY000557,2025-05-10,Voluntary,Personal Reasons,True,3,True,False,True,
OFF000114,DUD100567,EMPLOY000567,2028-02-19,Voluntary,Personal Reasons,True,4,False,True,True,
OFF000115,DUD100575,EMPLOY000575,2024-05-05,Voluntary,Returning Home,True,2,True,False,True,
OFF000116,DUD100576,EMPLOY000576,2027-01-30,Voluntary,Work-Life Balance,True,1,True,True,True,
OFF000117,DUD100580,EMPLOY000580,2025-08-02,Voluntary,Work-Life Balance,False,,,,True,
OFF000118,DUD100592,EMPLOY000592,2026-01-06,Voluntary,Commute,True,1,True,False,True,
OFF000119,DUD100593,EMPLOY000593,2025-01-26,Voluntary,Career Change,True,1,True,True,True,
OFF000120,DUD100595,EMPLOY000595,2025-10-18,Voluntary,Commute,False,,,,True,
OFF000121,DUD100598,EMPLOY000598,2026-08-27,Voluntary,Assignment Issues,True,5,True,True,True,
OFF000122,DUD100599,EMPLOY000599,2025-04-21,Involuntary,Attendance,False,,,,False,
OFF000123,DUD100609,EMPLOY000609,2023-09-07,Voluntary,Work-Life Balance,True,2,True,True,True,
OFF000124,DUD100611,EMPLOY000611,2021-12-09,Voluntary,Work-Life Balance,True,4,True,True,True,
OFF000125,DUD100612,EMPLOY000612,2025-11-13,Voluntary,Commute,True,4,True,False,True,
OFF000126,DUD100613,EMPLOY000613,2024-09-05,Voluntary,Career Change,True,3,True,False,True,
OFF000127,DUD100622,EMPLOY000622,2024-11-30,Voluntary,Compensation,True,1,False,False,True,
OFF000128,DUD100625,EMPLOY000625,2024-03-14,Voluntary,Relocation,False,,,,True,
OFF000129,DUD100629,EMPLOY000629,2027-05-14,Voluntary,Assignment Issues,False,,,,True,
OFF000130,DUD100630,EMPLOY000630,2024-07-15,Voluntary,Compensation,True,1,True,False,True,
OFF000131,DUD100631,EMPLOY000631,2027-05-10,Voluntary,Compensation,True,3,True,True,True,
OFF000132,DUD100642,EMPLOY000642,2024-11-24,Voluntary,Personal Reasons,True,5,True,True,True,
OFF000133,DUD100643,EMPLOY000643,2022-10-20,Voluntary,Relocation,True,2,True,False,True,
OFF000134,DUD100644,EMPLOY000644,2024-12-03,Voluntary,Work-Life Balance,True,4,False,True,True,
OFF000135,DUD100647,EMPLOY000647,2023-05-12,Voluntary,Personal Reasons,True,1,False,True,True,
OFF000136,DUD100651,EMPLOY000651,2024-12-25,Voluntary,Relocation,True,4,True,False,True,
OFF000137,DUD100652,EMPLOY000652,2025-09-27,Voluntary,Career Change,False,,,,True,
OFF000138,DUD100654,EMPLOY000654,2023-05-16,Voluntary,Personal Reasons,True,3,True,True,True,
OFF000139,DUD100655,EMPLOY000655,2025-05-02,Voluntary,Commute,False,,,,True,
OFF000140,DUD100657,EMPLOY000657,2024-08-04,Voluntary,Career Development,True,5,True,True,True,
OFF000141,DUD100658,EMPLOY000658,2023-10-09,Voluntary,Returning Home,True,1,False,False,True,
OFF000142,DUD100662,EMPLOY000662,2022-03-14,Voluntary,Personal Reasons,True,5,False,True,True,
OFF000143,DUD100667,EMPLOY000667,2024-11-26,Voluntary,Personal Reasons,True,1,True,False,True,
OFF000144,DUD100685,EMPLOY000685,2022-09-06,Involuntary,Client Request,True,1,False,False,False,
OFF000145,DUD100686,EMPLOY000686,2027-08-27,Voluntary,Work-Life Balance,False,,,,True,
OFF000146,DUD100687,EMPLOY000687,2024-09-01,Voluntary,Returning Home,False,,,,True,
OFF000147,DUD100689,EMPLOY000689,2023-05-28,Involuntary,Attendance,True,5,True,True,False,
OFF000148,DUD100690,EMPLOY000690,2024-03-10,Voluntary,Relocation,True,5,False,True,True,
OFF000149,DUD100695,EMPLOY000695,2026-04-13,Voluntary,Commute,True,4,True,False,True,
OFF000150,DUD100703,EMPLOY000703,2023-03-10,Involuntary,Client Request,True,3,True,True,False,
OFF000151,DUD100705,EMPLOY000705,2023-11-24,Voluntary,Assignment Issues,True,1,True,True,True,
OFF000152,DUD100708,EMPLOY000708,2025-12-31,Voluntary,Personal Reasons,True,5,False,True,True,
OFF000153,DUD100714,EMPLOY000714,2022-04-21,Voluntary,Returning Home,True,5,True,True,True,
OFF000154,DUD100716,EMPLOY000716,2025-04-21,Involuntary,Attendance,True,4,True,False,False,
OFF000155,DUD100724,EMPLOY000724,2023-10-26,Involuntary,Contract End,True,3,False,True,False,
OFF000156,DUD100734,EMPLOY000734,2024-12-09,Voluntary,Personal Reasons,False,,,,True,
OFF000157,DUD100749,EMPLOY000749,2025-06-03,Voluntary,Career Change,True,1,True,True,True,
OFF000158,DUD100752,EMPLOY000752,2021-10-16,Voluntary,Work-Life Balance,True,5,False,False,True,
OFF000159,DUD100760,EMPLOY000760,2025-03-01,Involuntary,Contract End,True,2,True,False,False,
OFF000160,DUD100764,EMPLOY000764,2024-06-24,Voluntary,Relocation,True,5,True,True,True,
OFF000161,DUD100773,EMPLOY000773,2025-12-14,Voluntary,Assignment Issues,True,1,True,True,True,
OFF000162,DUD100778,EMPLOY000778,2025-01-15,Voluntary,Compensation,True,5,True,True,True,
OFF000163,DUD100786,EMPLOY000786,2023-05-18,Involuntary,Policy Violation,True,3,True,True,False,
OFF000164,DUD100791,EMPLOY000791,2026-03-04,Voluntary,Relocation,True,2,True,True,True,
OFF000165,DUD100798,EMPLOY000798,2025-02-16,Voluntary,Work-Life Balance,True,4,True,True,True,
OFF000166,DUD100807,EMPLOY000807,2023-06-02,Voluntary,Compensation,True,5,True,True,True,
OFF000167,DUD100812,EMPLOY000812,2023-09-08,Voluntary,Relocation,True,3,True,True,True,
OFF000168,DUD100813,EMPLOY000813,2026-06-23,Voluntary,Career Change,True,5,True,False,True,
OFF000169,DUD100815,EMPLOY000815,2026-02-09,Involuntary,Attendance,True,4,True,False,False,
OFF000170,DUD100816,EMPLOY000816,2024-04-03,Voluntary,Assignment Issues,True,3,False,True,True,
OFF000171,DUD100818,EMPLOY000818,2023-10-23,Voluntary,Compensation,True,3,True,False,True,
OFF000172,DUD100819,EMPLOY000819,2023-02-01,Voluntary,Relocation,True,3,False,True,True,
OFF000173,DUD100822,EMPLOY000822,2023-09-17,Voluntary,Relocation,True,1,True,False,True,
OFF000174,DUD100824,EMPLOY000824,2024-09-19,Voluntary,Relocation,False,,,,True,
OFF000175,DUD100829,EMPLOY000829,2026-01-15,Involuntary,Client Request,False,,,,False,
OFF000176,DUD100832,EMPLOY000832,2023-12-11,Voluntary,Assignment Issues,True,1,True,True,True,
OFF000177,DUD100833,EMPLOY000833,2022-08-21,Voluntary,Commute,True,3,True,True,True,
OFF000178,DUD100835,EMPLOY000835,2024-05-01,Voluntary,Career Change,False,,,,True,
OFF000179,DUD100836,EMPLOY000836,2025-07-13,Voluntary,Career Development,True,4,True,False,True,
OFF000180,DUD100851,EMPLOY000851,2027-02-26,Voluntary,Returning Home,True,2,False,True,True,
OFF000181,DUD100857,EMPLOY000857,2025-03-10,Voluntary,Returning Home,True,2,True,False,True,
OFF000182,DUD100858,EMPLOY000858,2023-11-03,Voluntary,Personal Reasons,True,1,True,False,True,
OFF000183,DUD100861,EMPLOY000861,2027-10-28,Involuntary,Contract End,True,2,True,True,False,
OFF000184,DUD100862,EMPLOY000862,2028-07-21,Involuntary,Performance,True,2,True,True,False,
OFF000185,DUD100863,EMPLOY000863,2026-03-13,Involuntary,Contract End,True,4,True,False,False,
OFF000186,DUD100865,EMPLOY000865,2024-09-03,Voluntary,Assignment Issues,True,1,True,True,True,
OFF000187,DUD100866,EMPLOY000866,2024-03-15,Involuntary,Performance,True,3,True,True,False,
OFF000188,DUD100867,EMPLOY000867,2023-07-19,Voluntary,Commute,True,4,True,True,True,
OFF000189,DUD100868,EMPLOY000868,2028-02-23,Voluntary,Returning Home,False,,,,True,
OFF000190,DUD100873,EMPLOY000873,2024-01-03,Involuntary,Client Request,False,,,,False,
OFF000191,DUD100883,EMPLOY000883,2023-05-04,Voluntary,Career Change,True,2,True,True,True,
OFF000192,DUD100887,EMPLOY000887,2027-09-15,Voluntary,Commute,True,1,True,True,True,
OFF000193,DUD100891,EMPLOY000891,2022-12-01,Voluntary,Relocation,True,1,True,False,True,
OFF000194,DUD100893,EMPLOY000893,2027-04-20,Voluntary,Career Development,True,3,True,False,True,
OFF000195,DUD100895,EMPLOY000895,2026-11-14,Involuntary,Contract End,False,,,,False,
OFF000196,DUD100901,EMPLOY000901,2026-03-09,Voluntary,Career Change,True,2,False,True,True,
OFF000197,DUD100922,EMPLOY000922,2025-09-10,Voluntary,Work-Life Balance,True,2,True,True,True,
OFF000198,DUD100925,EMPLOY000925,2028-08-26,Involuntary,Client Request,True,1,True,False,False,
OFF000199,DUD100938,EMPLOY000938,2024-06-22,Voluntary,Personal Reasons,True,2,True,True,True,
OFF000200,DUD100946,EMPLOY000946,2026-07-05,Voluntary,Compensation,True,2,False,True,True,
OFF000201,DUD100949,EMPLOY000949,2025-05-03,Voluntary,Compensation,True,5,True,True,True,
OFF000202,DUD100956,EMPLOY000956,2024-09-18,Voluntary,Career Change,True,4,True,False,True,
OFF000203,DUD100962,EMPLOY000962,2025-04-16,Involuntary,Contract End,False,,,,False,
OFF000204,DUD100963,EMPLOY000963,2023-01-05,Involuntary,Policy Violation,True,5,True,False,False,
OFF000205,DUD100969,EMPLOY000969,2026-05-16,Voluntary,Work-Life Balance,True,5,False,True,True,
OFF000206,DUD100970,EMPLOY000970,2025-09-07,Involuntary,Contract End,True,2,True,True,False,
OFF000207,DUD100972,EMPLOY000972,2024-04-23,Voluntary,Compensation,False,,,,True,
OFF000208,DUD100978,EMPLOY000978,2024-07-26,Voluntary,Career Development,True,3,False,True,True,
OFF000209,DUD100989,EMPLOY000989,2027-06-30,Voluntary,Personal Reasons,True,1,False,True,True,
OFF000210,DUD101001,EMPLOY001001,2027-01-06,Voluntary,Work-Life Balance,True,1,True,True,True,
OFF000211,DUD101005,EMPLOY001005,2023-11-08,Involuntary,Contract End,True,2,True,True,False,
OFF000212,DUD101011,EMPLOY001011,2028-02-28,Voluntary,Compensation,False,,,,True,
OFF000213,DUD101014,EMPLOY001014,2022-09-13,Voluntary,Career Change,True,2,True,False,True,
OFF000214,DUD101015,EMPLOY001015,2026-10-24,Voluntary,Work-Life Balance,True,2,True,True,True,
OFF000215,DUD101017,EMPLOY001017,2023-07-10,Voluntary,Career Development,False,,,,True,
OFF000216,DUD101020,EMPLOY001020,2025-01-19,Voluntary,Personal Reasons,True,2,True,False,True,
OFF000217,DUD101030,EMPLOY001030,2028-04-24,Involuntary,Policy Violation,True,4,True,True,False,
OFF000218,DUD101031,EMPLOY001031,2024-09-22,Voluntary,Compensation,True,1,False,True,True,
OFF000219,DUD101033,EMPLOY001033,2021-08-04,Voluntary,Compensation,False,,,,True,
OFF000220,DUD101037,EMPLOY001037,2025-07-08,Voluntary,Work-Life Balance,True,5,True,False,True,
OFF000221,DUD101042,EMPLOY001042,2023-02-17,Voluntary,Personal Reasons,False,,,,True,
OFF000222,DUD101049,EMPLOY001049,2025-05-12,Voluntary,Career Change,True,2,False,True,True,
OFF000223,DUD101053,EMPLOY001053,2023-03-16,Voluntary,Work-Life Balance,True,5,True,True,True,
OFF000224,DUD101056,EMPLOY001056,2022-01-14,Voluntary,Work-Life Balance,True,1,True,True,True,
OFF000225,DUD101057,EMPLOY001057,2022-06-29,Voluntary,Work-Life Balance,False,,,,True,
OFF000226,DUD101058,EMPLOY001058,2022-10-05,Involuntary,Attendance,True,3,True,False,False,
OFF000227,DUD101059,EMPLOY001059,2025-03-29,Voluntary,Commute,True,5,False,True,True,
OFF000228,DUD101064,EMPLOY001064,2026-08-11,Voluntary,Returning Home,True,5,True,False,True,
OFF000229,DUD101065,EMPLOY001065,2028-07-27,Voluntary,Returning Home,True,4,False,False,True,
OFF000230,DUD101070,EMPLOY001070,2027-10-14,Involuntary,Performance,True,4,False,True,False,
OFF000231,DUD101078,EMPLOY001078,2027-02-14,Voluntary,Career Change,True,5,True,False,True,
OFF000232,DUD101083,EMPLOY001083,2024-04-25,Involuntary,Policy Violation,True,3,False,True,False,
OFF000233,DUD101084,EMPLOY001084,2027-01-27,Voluntary,Relocation,True,5,True,True,True,
OFF000234,DUD101089,EMPLOY001089,2027-09-15,Voluntary,Assignment Issues,False,,,,True,
OFF000235,DUD101117,EMPLOY001117,2025-11-07,Voluntary,Career Change,False,,,,True,
OFF000236,DUD101118,EMPLOY001118,2025-11-05,Voluntary,Commute,True,4,True,True,True,
OFF000237,DUD101119,EMPLOY001119,2026-01-13,Involuntary,Client Request,True,1,True,True,False,
OFF000238,DUD101120,EMPLOY001120,2026-11-11,Voluntary,Relocation,True,1,True,True,True,
OFF000239,DUD101134,EMPLOY001134,2026-04-16,Voluntary,Relocation,True,5,True,True,True,
OFF000240,DUD101139,EMPLOY001139,2027-09-02,Voluntary,Personal Reasons,True,3,False,True,True,
OFF000241,DUD101146,EMPLOY001146,2026-02-22,Voluntary,Compensation,True,3,True,False,True,
OFF000242,DUD101148,EMPLOY001148,2023-04-09,Voluntary,Commute,True,5,True,True,True,
OFF000243,DUD101149,EMPLOY001149,2022-09-29,Voluntary,Work-Life Balance,True,5,False,True,True,
OFF000244,DUD101159,EMPLOY001159,2024-03-07,Involuntary,Contract End,True,4,True,True,False,
OFF000245,DUD101160,EMPLOY001160,2024-02-04,Involuntary,Policy Violation,True,3,True,True,False,
OFF000246,DUD101163,EMPLOY001163,2025-02-19,Voluntary,Commute,True,1,True,False,True,
OFF000247,DUD101164,EMPLOY001164,2023-04-25,Voluntary,Relocation,True,4,True,True,True,
OFF000248,DUD101177,EMPLOY001177,2026-11-15,Voluntary,Compensation,True,5,False,True,True,
OFF000249,DUD101182,EMPLOY001182,2026-07-20,Voluntary,Career Change,False,,,,True,
OFF000250,DUD101183,EMPLOY001183,2023-03-08,Voluntary,Commute,True,2,True,False,True,
OFF000251,DUD101197,EMPLOY001197,2026-09-16,Voluntary,Compensation,False,,,,True,
OFF000252,DUD101198,EMPLOY001198,2025-10-30,Involuntary,Client Request,True,1,True,True,False,
OFF000253,DUD101201,EMPLOY001201,2025-08-23,Voluntary,Compensation,True,3,True,True,True,
OFF000254,DUD101203,EMPLOY001203,2026-04-24,Voluntary,Career Development,False,,,,True,
OFF000255,DUD101205,EMPLOY001205,2026-11-09,Involuntary,Performance,True,5,False,False,False,
OFF000256,DUD101207,EMPLOY001207,2026-10-14,Voluntary,Career Change,True,2,True,False,True,
OFF000257,DUD101208,EMPLOY001208,2026-08-28,Voluntary,Assignment Issues,True,4,True,True,True,
OFF000258,DUD101213,EMPLOY001213,2023-06-15,Voluntary,Compensation,True,5,False,False,True,
OFF000259,DUD101218,EMPLOY001218,2027-01-11,Voluntary,Relocation,True,2,True,True,True,
OFF000260,DUD101219,EMPLOY001219,2023-02-23,Voluntary,Commute,True,1,False,False,True,
OFF000261,DUD101220,EMPLOY001220,2026-07-15,Voluntary,Career Development,False,,,,True,
OFF000262,DUD101224,EMPLOY001224,2023-10-01,Voluntary,Personal Reasons,True,1,False,True,True,
OFF000263,DUD101230,EMPLOY001230,2024-04-23,Voluntary,Career Change,True,3,True,False,True,
OFF000264,DUD101232,EMPLOY001232,2025-07-18,Voluntary,Relocation,True,4,True,False,True,
OFF000265,DUD101238,EMPLOY001238,2028-07-16,Voluntary,Work-Life Balance,True,4,False,True,True,
OFF000266,DUD101240,EMPLOY001240,2028-03-19,Involuntary,Policy Violation,True,4,True,True,False,
OFF000267,DUD101241,EMPLOY001241,2027-03-13,Voluntary,Commute,True,4,False,True,True,
OFF000268,DUD101242,EMPLOY001242,2025-05-22,Voluntary,Assignment Issues,True,2,True,False,True,
OFF000269,DUD101248,EMPLOY001248,2027-03-08,Voluntary,Relocation,False,,,,True,
OFF000270,DUD101250,EMPLOY001250,2024-08-01,Voluntary,Personal Reasons,True,4,True,False,True,
OFF000271,DUD101255,EMPLOY001255,2027-08-07,Voluntary,Work-Life Balance,True,3,True,True,True,
OFF000272,DUD101259,EMPLOY001259,2025-12-18,Voluntary,Returning Home,True,2,False,False,True,
OFF000273,DUD101263,EMPLOY001263,2024-09-10,Voluntary,Assignment Issues,True,3,False,False,True,
OFF000274,DUD101267,EMPLOY001267,2024-01-23,Voluntary,Compensation,False,,,,True,
OFF000275,DUD101269,EMPLOY001269,2024-09-02,Voluntary,Relocation,True,5,True,False,True,
OFF000276,DUD101275,EMPLOY001275,2024-10-31,Voluntary,Career Development,True,5,True,True,True,
OFF000277,DUD101284,EMPLOY001284,2027-09-04,Voluntary,Career Change,True,2,False,True,True,
OFF000278,DUD101285,EMPLOY001285,2022-09-05,Voluntary,Relocation,False,,,,True,
OFF000279,DUD101288,EMPLOY001288,2025-07-19,Voluntary,Assignment Issues,False,,,,True,
OFF000280,DUD101290,EMPLOY001290,2027-10-13,Voluntary,Compensation,True,3,False,True,True,
OFF000281,DUD101295,EMPLOY001295,2026-08-27,Voluntary,Compensation,True,3,False,True,True,
OFF000282,DUD101318,EMPLOY001318,2022-11-30,Voluntary,Returning Home,True,1,False,True,True,
OFF000283,DUD101319,EMPLOY001319,2023-01-04,Voluntary,Personal Reasons,True,4,True,True,True,
OFF000284,DUD101325,EMPLOY001325,2023-04-08,Voluntary,Career Change,True,2,True,True,True,
OFF000285,DUD101327,EMPLOY001327,2025-05-20,Voluntary,Career Change,True,5,True,False,True,
OFF000286,DUD101334,EMPLOY001334,2027-03-21,Involuntary,Performance,False,,,,False,
OFF000287,DUD101347,EMPLOY001347,2024-02-08,Voluntary,Personal Reasons,True,1,False,True,True,
OFF000288,DUD101353,EMPLOY001353,2025-12-14,Voluntary,Personal Reasons,True,2,False,True,True,
OFF000289,DUD101365,EMPLOY001365,2027-09-30,Voluntary,Work-Life Balance,True,1,True,False,True,
OFF000290,DUD101368,EMPLOY001368,2028-05-12,Voluntary,Personal Reasons,True,5,True,True,True,
OFF000291,DUD101379,EMPLOY001379,2027-03-13,Voluntary,Compensation,True,1,True,True,True,
OFF000292,DUD101383,EMPLOY001383,2028-05-24,Voluntary,Career Development,True,1,True,False,True,
OFF000293,DUD101384,EMPLOY001384,2022-01-30,Voluntary,Assignment Issues,True,4,True,True,True,
OFF000294,DUD101387,EMPLOY001387,2027-10-09,Involuntary,Attendance,False,,,,False,
OFF000295,DUD101392,EMPLOY001392,2027-05-07,Voluntary,Personal Reasons,True,2,True,True,True,
OFF000296,DUD101398,EMPLOY001398,2028-07-24,Voluntary,Assignment Issues,True,4,True,True,True,
OFF000297,DUD101399,EMPLOY001399,2028-03-02,Voluntary,Relocation,True,2,True,True,True,
OFF000298,DUD101400,EMPLOY001400,2024-03-04,Voluntary,Assignment Issues,True,5,True,True,True,
OFF000299,DUD101403,EMPLOY001403,2027-01-14,Involuntary,Attendance,False,,,,False,
OFF000300,DUD101405,EMPLOY001405,2022-12-27,Voluntary,Work-Life Balance,True,1,True,True,True,
OFF000301,DUD101416,EMPLOY001416,2026-12-26,Voluntary,Commute,True,3,True,True,True,
OFF000302,DUD101423,EMPLOY001423,2022-05-09,Voluntary,Work-Life Balance,True,2,False,True,True,
OFF000303,DUD101427,EMPLOY001427,2026-09-29,Involuntary,Client Request,True,4,False,False,False,
OFF000304,DUD101428,EMPLOY001428,2024-07-13,Voluntary,Relocation,False,,,,True,
OFF000305,DUD101430,EMPLOY001430,2024-05-23,Involuntary,Contract End,True,3,True,True,False,
OFF000306,DUD101432,EMPLOY001432,2024-12-26,Voluntary,Commute,True,4,True,True,True,
OFF000307,DUD101436,EMPLOY001436,2026-06-24,Voluntary,Relocation,True,4,True,True,True,
OFF000308,DUD101438,EMPLOY001438,2025-02-20,Voluntary,Career Development,True,3,True,True,True,
OFF000309,DUD101440,EMPLOY001440,2028-04-01,Voluntary,Compensation,True,4,False,True,True,
OFF000310,DUD101446,EMPLOY001446,2023-11-15,Voluntary,Personal Reasons,False,,,,True,
OFF000311,DUD101448,EMPLOY001448,2025-05-22,Voluntary,Relocation,False,,,,True,
OFF000312,DUD101452,EMPLOY001452,2023-02-17,Involuntary,Client Request,True,3,True,True,False,
OFF000313,DUD101456,EMPLOY001456,2023-08-07,Voluntary,Relocation,False,,,,True,
OFF000314,DUD101465,EMPLOY001465,2026-10-13,Voluntary,Commute,False,,,,True,
OFF000315,DUD101481,EMPLOY001481,2023-05-12,Voluntary,Relocation,True,5,False,True,True,
OFF000316,DUD101483,EMPLOY001483,2025-01-20,Involuntary,Policy Violation,True,5,True,False,False,
OFF000317,DUD101484,EMPLOY001484,2026-12-02,Voluntary,Relocation,True,2,True,True,True,
OFF000318,DUD101490,EMPLOY001490,2025-02-13,Voluntary,Relocation,True,2,True,True,True,
OFF000319,DUD101494,EMPLOY001494,2024-05-02,Voluntary,Work-Life Balance,True,3,True,True,True,
OFF000320,DUD101498,EMPLOY001498,2023-09-25,Voluntary,Career Change,True,1,True,True,True,
